rnum,lv,ru,en,total
1,26341,0,13,26417
2,22132,0,3,22190
3,20173,0,0,20228
4,17512,0,14,17635
5,15715,0,14,15844
6,15080,1,3,15215
7,4,14016,221,14955
8,13789,0,0,13847
9,2,12108,2,12308
10,2,12106,2,12305
11,11173,0,4,11189
12,10837,0,1,10862
13,9345,0,5,9421
14,9296,0,38,9352
15,9278,0,2,9289
16,6733,0,140,8713
17,8558,0,8,8594
18,0,7879,1,7927
19,7892,0,3,7912
20,6078,0,4,6090
21,5772,0,3,6018
22,1,5620,0,5753
23,5622,0,66,5711
24,5494,0,1,5519
25,5323,0,0,5333
26,5194,0,0,5199
27,4362,11,29,4692
28,4277,13,25,4434
29,4197,0,5,4217
30,4182,0,0,4185
31,4,20,2631,4054
32,3729,1,18,3830
33,3723,0,6,3790
34,3580,0,56,3652
35,3351,1,9,3372
36,3359,0,0,3372
37,2284,374,427,3155
38,0,0,2900,3031
39,2895,6,7,3011
40,1681,15,804,2958
41,2921,0,9,2937
42,2853,0,25,2894
43,2816,7,3,2875
44,2732,0,26,2793
45,0,0,2379,2758
46,1784,885,0,2715
47,2695,0,2,2702
48,2574,1,91,2698
49,4,2631,7,2692
50,2567,0,35,2687
51,2618,2,24,2684
52,3,505,2034,2608
53,1924,0,475,2586
54,2456,3,11,2580
55,2513,13,7,2578
56,2552,0,0,2556
57,2549,0,0,2554
58,29,2215,11,2529
59,2092,23,298,2520
60,2419,6,63,2511
61,2495,0,0,2506
62,2483,0,2,2488
63,2310,0,0,2318
64,1848,0,296,2199
65,2182,0,1,2190
66,2114,0,1,2182
67,2136,1,34,2180
68,2086,24,18,2130
69,2062,2,10,2100
70,2063,0,0,2066
71,2031,1,6,2043
72,1926,1,80,2030
73,1898,6,11,1993
74,1836,3,99,1986
75,1951,0,9,1969
76,22,0,1917,1968
77,1953,0,0,1959
78,1910,1,17,1956
79,1036,36,514,1923
80,1388,7,452,1913
81,1765,0,33,1906
82,1784,1,104,1895
83,1805,0,7,1864
84,1731,1,18,1849
85,1804,0,1,1807
86,1621,19,45,1805
87,1705,0,29,1744
88,343,2,1255,1727
89,1706,0,2,1717
90,1660,2,40,1715
91,1391,3,273,1705
92,0,5,1660,1665
93,1134,0,454,1661
94,1635,0,1,1646
95,6,1522,5,1637
96,1561,1,2,1606
97,1573,0,1,1597
98,1556,1,1,1586
99,1564,0,0,1580
100,1529,0,1,1579
101,1563,0,3,1577
102,0,1462,0,1576
103,1449,0,103,1563
104,1327,5,123,1562
105,1540,0,0,1547
106,1542,0,0,1547
107,1509,0,2,1541
108,122,1289,7,1539
109,1501,25,4,1536
110,1481,0,12,1535
111,1468,6,8,1527
112,20,1323,15,1492
113,1319,0,134,1488
114,1471,0,5,1481
115,1336,0,3,1459
116,1415,3,7,1429
117,3,729,6,1412
118,1224,9,20,1411
119,1326,1,6,1405
120,1384,0,3,1401
121,1286,0,10,1391
122,1353,0,1,1376
123,772,142,135,1369
124,1345,0,1,1367
125,1329,0,0,1354
126,1,0,371,1326
127,19,0,1247,1323
128,0,0,65,1322
129,0,0,1183,1301
130,1288,0,1,1300
131,1274,0,1,1285
132,0,1206,14,1275
133,1,0,823,1265
134,1234,0,15,1254
135,0,1211,2,1249
136,804,0,175,1246
137,642,206,81,1241
138,1182,35,13,1232
139,1128,0,79,1228
140,0,0,159,1225
141,1208,0,1,1210
142,1052,0,120,1209
143,1151,1,28,1201
144,1185,0,2,1193
145,1174,0,8,1190
146,1172,1,3,1183
147,1162,0,9,1174
148,21,786,18,1173
149,1168,0,0,1171
150,1109,1,9,1170
151,992,0,123,1169
152,23,0,1084,1158
153,1126,1,2,1152
154,1073,1,8,1143
155,116,0,691,1139
156,685,1,421,1130
157,857,0,189,1112
158,1103,0,0,1112
159,1090,1,9,1111
160,0,1,857,1097
161,5,995,12,1089
162,991,0,82,1088
163,1023,0,47,1079
164,803,0,170,1063
165,551,87,12,1052
166,0,976,1,1052
167,0,2,1050,1052
168,1008,0,3,1042
169,1038,0,0,1041
170,1026,1,1,1040
171,847,0,36,1026
172,1007,0,0,1012
173,2,992,5,1011
174,904,0,89,1009
175,1006,0,0,1009
176,348,645,0,1006
177,971,0,22,1001
178,972,0,17,1001
179,877,2,104,1000
180,987,0,5,995
181,932,0,17,987
182,2,945,5,976
183,932,2,25,974
184,897,3,63,967
185,404,9,501,964
186,733,1,183,961
187,255,7,681,960
188,807,0,8,957
189,480,8,226,957
190,8,681,41,950
191,932,0,7,942
192,778,2,80,926
193,907,1,1,920
194,859,2,26,907
195,898,0,1,907
196,899,0,0,903
197,733,0,133,890
198,880,0,2,884
199,874,1,4,883
200,836,4,6,880
201,797,1,69,877
202,2,783,14,877
203,860,0,8,877
204,860,0,4,872
205,869,0,0,870
206,0,0,34,868
207,791,11,7,867
208,846,0,3,865
209,0,0,34,851
210,774,0,53,843
211,770,0,15,838
212,812,1,12,836
213,1,801,2,832
214,804,0,14,820
215,788,0,7,808
216,738,0,30,801
217,786,0,1,794
218,758,11,20,792
219,350,0,344,787
220,767,0,6,784
221,754,1,13,780
222,772,0,2,777
223,723,0,30,772
224,747,0,7,756
225,685,27,2,749
226,704,0,10,733
227,581,0,136,732
228,716,2,2,727
229,638,0,32,725
230,0,711,2,724
231,679,0,3,718
232,710,1,2,716
233,502,4,194,710
234,669,0,3,705
235,592,0,37,702
236,667,0,5,701
237,0,656,6,698
238,623,18,28,692
239,0,640,0,688
240,678,0,1,687
241,674,0,2,686
242,595,2,50,685
243,622,26,20,683
244,654,0,16,682
245,649,0,9,680
246,672,0,2,679
247,0,0,545,678
248,647,0,13,669
249,647,0,6,663
250,375,0,242,662
251,608,1,22,660
252,653,0,4,660
253,654,0,0,656
254,1,641,2,655
255,649,0,0,654
256,0,574,1,650
257,630,0,2,639
258,633,0,0,634
259,593,0,7,634
260,625,0,2,633
261,589,10,12,630
262,628,0,0,630
263,596,2,5,627
264,2,0,605,627
265,617,0,4,621
266,614,0,2,618
267,132,0,462,610
268,560,0,10,602
269,585,0,9,600
270,549,0,10,598
271,0,539,3,597
272,571,0,11,592
273,17,492,14,592
274,8,571,0,590
275,7,0,579,589
276,572,0,15,588
277,500,0,70,585
278,417,26,44,581
279,569,0,3,577
280,448,0,124,576
281,468,5,44,575
282,570,1,0,574
283,12,506,12,574
284,94,118,6,573
285,552,1,12,572
286,548,0,2,570
287,0,493,11,569
288,565,0,0,567
289,558,0,5,566
290,541,0,1,563
291,456,0,4,563
292,515,0,19,562
293,555,0,0,561
294,541,0,9,561
295,558,0,0,560
296,545,0,7,560
297,549,0,1,555
298,551,0,1,554
299,541,0,1,552
300,535,0,2,551
301,492,1,5,550
302,0,484,1,548
303,545,0,2,547
304,540,0,3,545
305,527,0,12,545
306,510,2,1,544
307,518,0,6,543
308,526,0,5,534
309,443,1,62,533
310,502,0,8,530
311,502,0,1,528
312,197,0,320,526
313,523,0,0,525
314,457,27,32,524
315,5,390,54,517
316,9,498,0,516
317,138,0,367,515
318,220,226,6,511
319,417,0,64,509
320,259,4,232,509
321,498,0,1,508
322,400,1,72,505
323,2,88,0,503
324,500,0,1,501
325,500,0,1,501
326,5,484,0,500
327,497,0,0,499
328,128,77,20,497
329,485,1,0,495
330,486,0,1,494
331,13,0,449,493
332,448,0,18,493
333,0,423,6,492
334,480,0,0,492
335,441,0,28,489
336,424,0,53,486
337,480,0,1,482
338,468,0,8,481
339,477,1,0,479
340,467,0,3,477
341,469,0,3,475
342,1,424,7,474
343,454,0,12,474
344,309,0,158,473
345,50,0,19,472
346,411,0,8,470
347,462,0,2,467
348,381,0,38,466
349,435,0,19,466
350,264,0,150,464
351,448,3,6,462
352,324,0,123,462
353,449,0,4,462
354,391,31,9,462
355,1,382,18,461
356,1,416,8,461
357,435,0,8,458
358,456,0,0,457
359,419,0,4,455
360,449,0,2,454
361,71,0,301,452
362,174,0,229,451
363,450,0,0,451
364,206,1,233,450
365,437,2,5,449
366,436,0,3,447
367,2,270,22,442
368,346,3,70,442
369,369,37,6,440
370,0,430,0,439
371,24,0,402,438
372,423,0,6,438
373,2,358,7,437
374,429,0,1,434
375,432,0,1,433
376,368,1,55,432
377,418,0,7,432
378,417,0,7,431
379,425,0,0,429
380,362,0,53,428
381,0,389,2,428
382,427,0,1,428
383,425,0,1,427
384,405,0,10,426
385,2,361,6,426
386,395,0,26,425
387,419,0,3,425
388,413,1,6,421
389,360,1,1,417
390,19,0,372,415
391,359,10,30,413
392,0,380,9,412
393,385,0,23,412
394,8,0,378,412
395,389,0,14,412
396,395,1,3,412
397,44,0,347,409
398,397,2,0,409
399,403,0,3,408
400,397,1,0,407
401,2,0,343,406
402,317,0,4,404
403,400,2,2,404
404,349,3,34,403
405,387,1,4,403
406,377,0,2,401
407,363,7,12,400
408,382,0,13,399
409,2,327,8,398
410,394,0,0,398
411,373,0,11,398
412,1,372,6,397
413,386,1,5,395
414,368,0,2,395
415,2,0,347,395
416,390,0,1,392
417,71,118,81,391
418,2,376,4,391
419,6,131,6,391
420,367,1,4,391
421,342,13,20,391
422,307,0,49,390
423,381,0,3,389
424,372,0,10,387
425,381,0,0,386
426,283,1,37,384
427,370,0,8,384
428,384,0,0,384
429,0,333,11,382
430,381,0,0,381
431,369,0,0,380
432,0,0,321,377
433,364,0,11,376
434,366,0,2,374
435,372,0,0,374
436,352,3,4,373
437,347,0,22,373
438,85,0,267,369
439,365,0,0,369
440,361,0,4,368
441,363,0,0,365
442,340,0,13,365
443,338,0,22,365
444,364,0,0,364
445,330,0,19,363
446,344,0,3,355
447,343,0,7,354
448,329,0,11,352
449,293,4,27,350
450,346,0,0,350
451,0,331,1,349
452,3,1,283,347
453,226,0,67,347
454,323,0,5,347
455,341,0,0,347
456,0,296,5,346
457,282,3,16,344
458,343,0,0,344
459,0,0,10,344
460,287,9,15,344
461,40,0,284,344
462,332,0,3,343
463,335,0,2,343
464,337,0,4,343
465,7,218,94,341
466,0,0,19,341
467,309,0,25,340
468,320,0,0,338
469,325,0,2,336
470,303,0,6,335
471,334,0,0,335
472,325,0,5,334
473,0,0,325,334
474,326,0,5,334
475,330,0,0,331
476,35,1,260,329
477,310,0,7,329
478,326,0,2,329
479,307,0,19,328
480,321,0,1,328
481,315,0,8,327
482,308,0,0,327
483,292,0,2,327
484,324,0,2,326
485,266,3,39,324
486,208,4,9,323
487,260,0,42,321
488,317,0,4,321
489,225,0,61,320
490,276,0,1,320
491,287,0,24,320
492,287,0,17,319
493,0,312,1,319
494,315,1,0,319
495,245,0,45,316
496,0,60,187,316
497,299,0,8,313
498,308,0,1,312
499,278,0,23,312
500,311,0,0,312
501,307,0,4,311
502,279,8,8,310
503,0,283,11,310
504,288,0,19,309
505,266,1,37,309
506,309,0,0,309
507,47,183,14,309
508,286,0,16,307
509,302,0,0,306
510,289,0,16,306
511,297,0,1,306
512,304,2,0,306
513,299,0,1,306
514,109,18,53,306
515,287,0,16,305
516,3,233,61,305
517,137,1,128,304
518,302,0,1,304
519,279,0,19,304
520,0,0,257,301
521,255,0,36,301
522,294,0,0,301
523,15,0,284,301
524,297,0,1,299
525,288,1,6,299
526,292,0,2,297
527,44,0,237,297
528,213,0,67,296
529,228,0,56,296
530,3,1,236,294
531,289,0,3,294
532,281,0,11,294
533,2,270,4,293
534,84,0,197,293
535,0,243,8,292
536,270,0,14,292
537,284,0,1,291
538,274,0,15,291
539,0,0,242,291
540,275,0,1,290
541,284,0,2,290
542,284,0,1,290
543,289,0,0,290
544,273,0,4,289
545,274,0,0,289
546,235,1,46,287
547,284,0,0,286
548,280,0,3,286
549,254,0,26,285
550,261,0,4,284
551,216,0,51,284
552,269,0,0,282
553,280,0,0,282
554,236,0,36,281
555,280,0,0,281
556,0,0,14,281
557,278,0,1,280
558,280,0,0,280
559,274,0,4,279
560,273,0,1,279
561,0,0,183,279
562,261,0,6,278
563,276,0,0,278
564,269,3,4,277
565,233,0,29,277
566,275,0,1,277
567,259,0,10,276
568,261,1,9,275
569,259,0,5,275
570,227,0,40,272
571,0,250,5,272
572,270,0,0,272
573,272,0,0,272
574,269,0,0,271
575,268,0,1,270
576,267,0,1,270
577,262,0,3,269
578,261,0,1,268
579,257,1,0,268
580,266,0,0,267
581,264,0,1,267
582,186,0,77,266
583,256,0,0,265
584,257,2,1,264
585,251,0,8,264
586,0,0,262,263
587,258,1,1,263
588,0,76,144,263
589,258,0,0,262
590,239,0,6,261
591,257,0,0,261
592,1,207,6,261
593,236,2,16,260
594,257,0,1,259
595,0,233,3,259
596,255,0,3,259
597,0,246,4,259
598,242,0,0,258
599,229,0,19,257
600,213,0,36,257
601,242,0,9,257
602,238,1,15,257
603,250,1,3,256
604,255,0,0,255
605,2,233,13,255
606,0,0,209,254
607,243,2,7,254
608,225,0,28,254
609,228,2,16,254
610,229,0,0,253
611,239,0,13,253
612,230,0,1,252
613,248,1,0,252
614,215,0,30,251
615,249,0,0,251
616,247,2,2,251
617,241,0,1,250
618,247,0,1,250
619,206,38,1,249
620,229,0,9,249
621,30,0,207,249
622,237,0,5,247
623,0,216,7,246
624,245,0,0,246
625,38,3,189,246
626,245,0,1,246
627,0,222,10,244
628,233,0,7,244
629,205,0,1,244
630,235,0,5,242
631,203,0,6,242
632,234,0,1,242
633,214,0,24,242
634,234,0,2,241
635,186,0,51,241
636,236,1,1,240
637,0,236,0,240
638,34,46,152,240
639,223,0,14,239
640,193,3,34,238
641,236,0,1,238
642,225,0,9,238
643,219,0,6,238
644,71,0,145,238
645,203,5,16,237
646,236,0,0,237
647,25,0,177,236
648,2,0,234,236
649,217,1,4,236
650,230,0,6,236
651,213,0,2,236
652,0,230,0,236
653,0,228,0,235
654,224,0,1,235
655,10,0,224,235
656,226,2,1,235
657,223,0,6,234
658,223,0,6,234
659,191,0,18,234
660,221,0,8,233
661,220,0,4,233
662,231,0,0,232
663,231,0,1,232
664,218,0,9,232
665,1,0,92,231
666,222,1,5,230
667,228,0,1,230
668,224,0,2,230
669,223,0,0,229
670,65,0,153,229
671,211,0,11,229
672,195,29,1,228
673,223,0,1,228
674,227,0,1,228
675,0,0,0,228
676,217,0,3,227
677,220,0,7,227
678,39,0,181,226
679,220,0,2,226
680,211,0,1,226
681,0,202,0,226
682,16,1,201,225
683,1,195,4,225
684,220,0,2,225
685,204,4,3,224
686,219,0,0,224
687,177,1,14,223
688,221,0,0,223
689,215,0,7,223
690,219,0,0,223
691,198,0,12,223
692,3,0,196,222
693,99,3,92,221
694,50,0,170,221
695,212,1,4,220
696,1,0,125,220
697,128,65,17,220
698,46,1,166,220
699,209,4,3,219
700,216,0,1,219
701,213,0,5,219
702,184,0,31,219
703,0,197,5,219
704,212,0,0,218
705,202,0,5,217
706,205,0,2,217
707,198,0,18,217
708,190,0,11,217
709,213,0,2,216
710,209,0,2,215
711,210,0,2,214
712,210,0,1,214
713,211,0,0,214
714,167,17,3,213
715,203,0,3,213
716,208,0,0,212
717,1,192,1,212
718,0,0,212,212
719,207,0,0,211
720,0,0,75,211
721,202,0,1,210
722,205,0,0,210
723,204,0,1,210
724,204,0,2,210
725,139,0,64,210
726,4,184,6,209
727,0,150,2,209
728,208,0,0,208
729,194,0,4,208
730,0,0,191,208
731,193,2,0,207
732,5,161,0,207
733,200,0,1,206
734,0,193,6,206
735,203,0,0,205
736,0,0,0,205
737,196,0,2,205
738,177,0,1,205
739,183,10,4,204
740,105,7,70,204
741,199,0,1,203
742,191,0,2,203
743,196,0,1,203
744,196,0,0,203
745,199,0,2,203
746,14,0,154,203
747,198,0,0,202
748,148,0,3,201
749,196,3,2,201
750,186,2,0,201
751,0,0,181,201
752,193,0,8,201
753,195,0,2,200
754,155,0,13,200
755,190,0,0,200
756,200,0,0,200
757,199,0,0,200
758,140,0,57,199
759,188,3,0,198
760,0,0,192,198
761,3,183,3,198
762,196,0,0,197
763,196,0,0,197
764,188,1,1,195
765,195,0,0,195
766,194,0,0,195
767,192,1,0,195
768,182,0,0,195
769,161,0,30,195
770,120,4,20,194
771,189,0,4,194
772,176,0,7,193
773,193,0,0,193
774,1,159,3,193
775,189,0,3,193
776,0,168,8,193
777,191,0,0,193
778,185,0,3,193
779,157,0,32,193
780,186,0,1,191
781,180,1,4,191
782,181,0,9,191
783,191,0,0,191
784,41,1,134,190
785,186,1,2,190
786,0,179,1,189
787,162,5,1,189
788,189,0,0,189
789,181,1,5,189
790,159,0,16,188
791,5,112,4,188
792,188,0,0,188
793,184,1,0,187
794,3,120,2,187
795,2,158,7,187
796,182,0,4,187
797,1,2,104,186
798,172,0,6,186
799,181,0,0,185
800,139,0,33,185
801,169,0,7,185
802,182,0,0,185
803,2,158,3,185
804,163,0,14,184
805,178,0,4,183
806,1,154,9,183
807,173,0,2,183
808,155,0,16,182
809,181,0,0,182
810,3,172,0,181
811,173,0,3,181
812,179,0,2,181
813,18,0,159,181
814,74,0,104,181
815,22,0,118,180
816,131,0,19,180
817,21,1,103,180
818,176,0,2,180
819,174,0,2,180
820,178,0,0,180
821,0,166,0,179
822,175,0,0,179
823,0,0,152,179
824,177,0,0,179
825,167,0,7,179
826,169,0,6,179
827,170,0,8,178
828,172,0,0,178
829,110,0,66,178
830,174,0,1,178
831,173,0,2,177
832,158,1,16,177
833,170,0,2,177
834,51,0,120,176
835,170,0,1,176
836,10,0,162,176
837,162,3,2,176
838,157,1,15,175
839,165,0,7,175
840,35,0,81,175
841,157,4,8,175
842,174,0,1,175
843,155,0,17,174
844,172,0,1,174
845,0,0,41,174
846,167,0,2,174
847,48,55,34,174
848,66,0,101,173
849,145,0,1,173
850,10,0,162,173
851,173,0,0,173
852,171,0,0,173
853,162,0,9,173
854,6,0,83,172
855,3,0,164,171
856,28,0,131,171
857,169,0,0,171
858,14,0,157,171
859,155,0,1,171
860,169,0,1,171
861,167,0,0,170
862,149,2,17,170
863,169,1,0,170
864,160,0,5,170
865,166,0,1,170
866,167,0,0,169
867,163,0,1,169
868,125,0,24,169
869,168,0,0,169
870,0,0,16,169
871,161,0,0,169
872,153,1,11,169
873,161,0,2,168
874,168,0,0,168
875,141,4,3,168
876,142,1,6,168
877,91,0,6,168
878,7,7,134,168
879,0,143,1,167
880,159,0,3,167
881,166,0,0,167
882,161,0,0,167
883,111,0,51,166
884,165,0,0,166
885,0,138,12,166
886,138,0,2,166
887,5,0,160,166
888,158,0,7,166
889,125,0,34,166
890,0,0,151,166
891,0,0,143,166
892,161,0,1,165
893,161,0,0,165
894,160,0,1,165
895,140,0,24,165
896,164,0,0,165
897,164,0,0,164
898,160,0,0,164
899,163,0,1,164
900,160,0,0,164
901,163,0,1,164
902,143,0,16,164
903,162,0,0,163
904,158,0,1,163
905,150,0,2,163
906,62,1,56,163
907,57,0,0,163
908,144,0,13,163
909,3,0,78,162
910,120,0,38,162
911,0,79,0,162
912,150,0,12,162
913,148,0,2,162
914,0,0,161,161
915,106,21,30,161
916,159,0,0,161
917,149,0,8,160
918,142,3,14,160
919,0,153,3,160
920,154,0,3,159
921,159,0,0,159
922,74,0,76,159
923,152,0,6,159
924,153,0,5,158
925,144,1,4,158
926,158,0,0,158
927,156,0,0,158
928,158,0,0,158
929,133,1,3,158
930,153,0,2,158
931,2,112,2,157
932,0,135,1,157
933,3,143,0,157
934,0,127,17,156
935,154,0,2,156
936,149,0,1,156
937,153,0,0,156
938,155,0,0,156
939,131,0,17,155
940,1,131,2,155
941,150,0,2,154
942,0,148,0,154
943,153,0,1,154
944,151,0,0,154
945,0,0,0,154
946,18,0,135,154
947,116,0,35,153
948,145,0,2,153
949,138,5,5,153
950,143,0,0,153
951,1,124,13,153
952,133,0,1,153
953,144,0,5,153
954,0,0,149,152
955,0,140,4,152
956,4,0,145,152
957,150,0,1,152
958,85,0,61,152
959,148,0,2,152
960,149,1,0,152
961,127,0,19,152
962,145,3,2,151
963,116,14,2,151
964,151,0,0,151
965,1,97,43,151
966,136,0,10,151
967,145,1,0,151
968,148,0,1,149
969,146,0,1,149
970,139,1,0,149
971,0,146,1,149
972,147,0,0,149
973,146,0,0,148
974,143,0,0,148
975,98,0,46,148
976,129,0,9,148
977,145,0,0,148
978,138,0,8,147
979,64,0,81,147
980,0,0,0,147
981,20,4,110,147
982,92,0,45,147
983,102,0,40,147
984,34,0,71,147
985,2,123,7,146
986,145,0,0,146
987,7,0,134,146
988,35,87,11,145
989,138,0,7,145
990,136,1,5,145
991,138,0,1,145
992,0,125,1,144
993,143,0,0,144
994,110,0,28,144
995,3,102,0,144
996,134,0,6,143
997,83,0,45,142
998,6,0,127,142
999,25,0,115,142
1000,96,13,11,142
1001,136,0,6,142
1002,139,0,1,142
1003,97,7,29,142
1004,96,0,7,142
1005,0,125,0,142
1006,124,0,14,141
1007,4,0,131,141
1008,140,0,1,141
1009,138,0,3,141
1010,132,0,1,141
1011,104,0,34,141
1012,2,24,64,141
1013,137,0,3,141
1014,140,0,0,141
1015,138,0,2,140
1016,132,1,7,140
1017,135,0,1,140
1018,91,2,44,140
1019,137,0,2,140
1020,140,0,0,140
1021,0,0,0,140
1022,138,0,0,140
1023,131,0,2,139
1024,0,1,78,139
1025,116,0,4,139
1026,129,0,1,139
1027,138,0,0,139
1028,127,0,8,138
1029,137,0,0,138
1030,123,0,13,138
1031,0,132,3,138
1032,8,100,7,138
1033,125,0,1,138
1034,96,0,21,138
1035,132,0,4,138
1036,104,0,21,137
1037,135,0,0,137
1038,0,0,137,137
1039,130,0,6,137
1040,133,0,1,137
1041,130,0,0,137
1042,132,0,0,136
1043,131,0,4,136
1044,120,0,13,136
1045,103,0,5,136
1046,103,2,2,136
1047,130,0,6,136
1048,1,90,4,135
1049,0,10,42,135
1050,135,0,0,135
1051,132,0,1,135
1052,134,0,0,135
1053,4,0,118,134
1054,66,0,63,134
1055,131,0,0,134
1056,128,0,1,134
1057,129,0,5,134
1058,134,0,0,134
1059,133,0,0,134
1060,128,0,5,133
1061,127,0,2,133
1062,114,0,13,133
1063,129,0,2,133
1064,131,0,0,133
1065,110,0,23,133
1066,102,0,31,133
1067,132,0,0,133
1068,128,1,0,133
1069,83,0,45,133
1070,126,0,3,133
1071,82,3,41,132
1072,130,0,1,132
1073,128,0,0,132
1074,115,0,14,132
1075,109,0,21,132
1076,62,5,30,132
1077,125,0,4,131
1078,129,0,0,131
1079,0,130,0,131
1080,126,0,1,131
1081,131,0,0,131
1082,106,0,16,131
1083,81,0,45,131
1084,99,0,25,131
1085,116,0,6,131
1086,51,24,9,131
1087,130,0,1,131
1088,83,1,28,131
1089,125,0,2,130
1090,120,0,2,130
1091,124,0,1,130
1092,0,0,130,130
1093,129,0,0,130
1094,130,0,0,130
1095,128,0,2,130
1096,125,0,1,129
1097,128,0,0,129
1098,125,0,3,129
1099,118,0,7,129
1100,123,0,2,129
1101,3,9,105,129
1102,13,0,106,129
1103,124,0,0,128
1104,128,0,0,128
1105,117,0,1,128
1106,128,0,0,128
1107,120,0,3,128
1108,0,0,6,128
1109,123,0,3,128
1110,121,0,4,128
1111,121,0,1,127
1112,84,0,26,127
1113,127,0,0,127
1114,100,0,6,127
1115,12,0,108,126
1116,115,0,1,126
1117,96,20,3,126
1118,126,0,0,126
1119,119,1,3,126
1120,123,0,2,126
1121,118,0,4,126
1122,113,0,12,126
1123,120,0,3,126
1124,121,0,1,126
1125,121,0,2,125
1126,123,0,2,125
1127,121,0,4,125
1128,114,0,5,125
1129,122,0,1,125
1130,116,0,8,125
1131,62,0,61,125
1132,0,0,94,124
1133,70,0,4,124
1134,0,98,7,124
1135,123,0,0,124
1136,114,0,2,124
1137,108,0,11,124
1138,121,0,1,124
1139,124,0,0,124
1140,114,0,1,123
1141,81,0,40,123
1142,0,114,0,122
1143,114,0,2,122
1144,119,0,1,122
1145,0,0,18,122
1146,0,0,0,122
1147,3,98,3,122
1148,122,0,0,122
1149,0,103,0,121
1150,77,0,6,121
1151,102,11,5,121
1152,112,0,5,121
1153,105,1,10,121
1154,121,0,0,121
1155,118,0,0,120
1156,118,0,1,120
1157,115,0,3,120
1158,84,0,34,120
1159,104,1,7,120
1160,109,0,10,120
1161,120,0,0,120
1162,0,104,9,120
1163,117,0,0,120
1164,117,0,1,120
1165,0,96,8,120
1166,117,0,2,120
1167,0,0,115,119
1168,118,0,0,119
1169,119,0,0,119
1170,98,0,2,119
1171,118,0,0,119
1172,119,0,0,119
1173,21,13,2,119
1174,60,1,1,119
1175,81,0,38,119
1176,118,0,0,118
1177,95,6,16,118
1178,29,0,84,118
1179,99,0,11,118
1180,115,0,0,118
1181,115,0,0,117
1182,82,0,25,117
1183,113,0,2,117
1184,106,1,10,117
1185,110,0,3,117
1186,115,0,0,117
1187,111,0,1,117
1188,116,0,0,117
1189,110,5,0,116
1190,80,0,33,116
1191,115,0,0,116
1192,116,0,0,116
1193,100,0,13,116
1194,116,0,0,116
1195,15,0,98,116
1196,2,100,0,116
1197,106,0,10,116
1198,80,0,30,116
1199,48,0,45,116
1200,0,0,108,116
1201,72,0,42,116
1202,115,0,0,115
1203,78,0,36,115
1204,99,0,3,115
1205,109,0,5,115
1206,114,0,1,115
1207,113,0,0,115
1208,110,0,2,115
1209,110,1,0,115
1210,93,0,9,115
1211,0,109,1,114
1212,104,0,1,114
1213,104,1,3,114
1214,113,0,0,114
1215,0,103,2,114
1216,0,46,59,114
1217,67,0,40,114
1218,0,0,114,114
1219,109,0,1,114
1220,101,0,10,114
1221,112,0,1,113
1222,9,87,4,113
1223,0,109,0,113
1224,111,0,0,113
1225,1,106,1,113
1226,102,0,3,113
1227,6,0,102,113
1228,113,0,0,113
1229,113,0,0,113
1230,56,0,46,113
1231,1,0,111,113
1232,108,0,1,112
1233,0,0,100,112
1234,96,0,1,112
1235,0,67,24,112
1236,111,0,0,112
1237,111,0,0,111
1238,110,0,1,111
1239,100,0,0,111
1240,111,0,0,111
1241,79,0,30,111
1242,47,2,43,111
1243,107,0,3,111
1244,1,29,4,111
1245,1,0,109,111
1246,89,0,21,111
1247,0,110,0,111
1248,104,0,2,111
1249,108,0,0,110
1250,0,102,2,110
1251,109,0,0,110
1252,0,3,75,110
1253,108,0,0,110
1254,109,0,0,110
1255,0,0,101,110
1256,96,2,1,110
1257,105,0,2,110
1258,110,0,0,110
1259,108,0,0,109
1260,87,0,13,109
1261,0,51,0,109
1262,90,0,12,109
1263,100,0,1,109
1264,104,0,0,109
1265,2,0,90,109
1266,97,1,1,109
1267,109,0,0,109
1268,0,96,1,109
1269,3,0,22,109
1270,105,0,3,108
1271,104,0,3,108
1272,53,0,51,108
1273,105,0,2,108
1274,0,2,7,108
1275,107,0,0,108
1276,61,0,47,108
1277,98,0,8,108
1278,101,0,2,108
1279,2,104,1,108
1280,65,10,4,107
1281,95,0,0,107
1282,105,0,1,107
1283,72,2,13,107
1284,97,1,5,107
1285,68,0,29,107
1286,106,0,0,106
1287,103,0,0,106
1288,105,0,0,106
1289,97,0,5,106
1290,105,0,1,106
1291,103,0,2,106
1292,35,0,54,105
1293,88,0,16,105
1294,102,0,0,105
1295,103,0,0,105
1296,103,0,0,105
1297,87,0,4,105
1298,103,0,0,104
1299,101,0,2,104
1300,60,0,27,104
1301,102,0,1,104
1302,98,0,1,104
1303,98,0,2,104
1304,79,0,1,104
1305,102,0,0,104
1306,101,0,0,103
1307,102,0,0,103
1308,95,0,3,103
1309,66,2,20,103
1310,97,0,0,103
1311,67,8,2,103
1312,91,0,4,102
1313,24,0,73,102
1314,28,0,72,102
1315,52,0,0,102
1316,72,0,11,102
1317,101,0,0,102
1318,31,0,70,102
1319,87,0,13,102
1320,101,0,0,102
1321,99,0,1,102
1322,2,0,98,102
1323,98,0,0,101
1324,91,0,4,101
1325,99,0,0,101
1326,51,0,45,101
1327,1,90,4,101
1328,101,0,0,101
1329,99,0,0,100
1330,99,0,0,100
1331,95,0,4,100
1332,0,86,0,100
1333,97,0,0,100
1334,93,0,1,100
1335,99,0,0,100
1336,99,0,1,100
1337,96,1,3,100
1338,94,0,0,100
1339,96,0,4,100
1340,99,0,0,100
1341,70,0,7,100
1342,100,0,0,100
1343,10,0,87,100
1344,4,78,2,100
1345,96,0,3,100
1346,12,34,15,100
1347,97,0,0,99
1348,90,1,6,99
1349,99,0,0,99
1350,92,0,7,99
1351,98,0,1,99
1352,24,1,66,99
1353,99,0,0,99
1354,96,0,2,99
1355,97,0,0,99
1356,91,0,4,99
1357,96,1,1,99
1358,9,0,52,99
1359,92,0,3,99
1360,56,0,38,98
1361,8,0,32,98
1362,95,0,2,98
1363,87,0,2,98
1364,97,0,0,98
1365,90,0,4,98
1366,98,0,0,98
1367,78,0,11,97
1368,91,1,0,97
1369,75,0,11,97
1370,89,0,1,97
1371,94,0,1,97
1372,95,0,2,97
1373,91,0,0,97
1374,89,0,1,97
1375,91,0,1,97
1376,87,0,3,96
1377,94,0,0,96
1378,93,0,1,96
1379,1,52,1,96
1380,1,0,12,96
1381,58,0,23,96
1382,95,0,0,96
1383,88,0,4,96
1384,0,90,2,96
1385,4,0,91,96
1386,90,0,2,96
1387,96,0,0,96
1388,1,93,1,96
1389,94,0,0,96
1390,87,0,0,96
1391,1,0,91,95
1392,88,1,0,95
1393,94,0,0,95
1394,88,0,1,95
1395,0,0,3,95
1396,95,0,0,95
1397,0,88,4,95
1398,2,0,76,95
1399,90,0,3,95
1400,64,1,26,95
1401,92,0,0,94
1402,40,0,44,94
1403,1,0,61,94
1404,36,5,33,94
1405,85,0,4,94
1406,0,0,41,94
1407,92,0,0,94
1408,15,2,56,94
1409,91,0,2,94
1410,0,84,1,94
1411,90,0,1,94
1412,94,0,0,94
1413,4,80,3,94
1414,88,0,3,93
1415,12,75,0,93
1416,0,87,4,93
1417,12,59,3,93
1418,1,80,0,93
1419,0,87,0,93
1420,92,0,1,93
1421,93,0,0,93
1422,0,76,4,93
1423,82,1,9,93
1424,92,0,1,93
1425,43,9,1,93
1426,93,0,0,93
1427,92,0,0,92
1428,72,0,16,92
1429,71,0,3,92
1430,87,0,1,92
1431,0,0,4,92
1432,4,0,86,92
1433,87,0,0,92
1434,3,1,78,92
1435,90,0,1,92
1436,90,0,0,92
1437,91,0,1,92
1438,91,0,0,92
1439,86,0,6,92
1440,92,0,0,92
1441,91,0,0,92
1442,14,18,14,92
1443,84,0,0,92
1444,83,0,1,91
1445,89,0,0,91
1446,88,0,0,91
1447,86,0,2,91
1448,32,0,56,91
1449,74,0,15,91
1450,80,0,2,91
1451,84,0,2,91
1452,91,0,0,91
1453,80,0,0,91
1454,88,0,0,91
1455,59,0,27,91
1456,87,0,0,90
1457,89,0,0,90
1458,89,0,0,90
1459,74,0,16,90
1460,0,0,86,90
1461,89,0,1,90
1462,87,0,3,90
1463,89,0,0,90
1464,89,0,0,89
1465,89,0,0,89
1466,82,0,2,89
1467,50,0,37,89
1468,85,0,0,89
1469,87,0,1,89
1470,89,0,0,89
1471,76,0,0,89
1472,89,0,0,89
1473,89,0,0,89
1474,72,0,16,89
1475,1,0,85,88
1476,84,0,4,88
1477,88,0,0,88
1478,0,0,76,88
1479,0,84,1,88
1480,84,0,1,88
1481,88,0,0,88
1482,82,0,2,88
1483,85,0,2,88
1484,0,0,88,88
1485,85,1,1,88
1486,11,74,2,88
1487,81,0,4,88
1488,87,0,1,88
1489,88,0,0,88
1490,87,0,0,88
1491,85,0,1,88
1492,0,50,18,87
1493,86,0,0,87
1494,81,0,4,87
1495,81,0,1,87
1496,68,1,5,87
1497,82,0,4,87
1498,84,0,2,87
1499,61,4,13,87
1500,84,0,3,87
1501,66,0,18,87
1502,59,0,25,87
1503,80,0,4,87
1504,63,12,0,87
1505,16,0,62,87
1506,78,0,6,87
1507,79,0,4,86
1508,2,0,84,86
1509,85,0,1,86
1510,86,0,0,86
1511,0,79,0,86
1512,10,0,76,86
1513,11,0,70,86
1514,75,0,4,86
1515,73,0,8,86
1516,4,0,73,86
1517,77,0,8,86
1518,0,0,81,86
1519,83,0,0,86
1520,86,0,0,86
1521,80,0,1,85
1522,81,0,3,85
1523,70,0,3,85
1524,85,0,0,85
1525,85,0,0,85
1526,0,0,85,85
1527,20,0,62,85
1528,83,0,0,85
1529,83,0,1,85
1530,85,0,0,85
1531,48,0,15,85
1532,0,0,2,85
1533,0,58,1,85
1534,84,0,1,85
1535,77,0,0,85
1536,73,0,6,85
1537,1,81,1,85
1538,0,81,3,85
1539,65,0,11,85
1540,73,0,2,85
1541,76,0,9,85
1542,83,0,0,84
1543,79,0,5,84
1544,84,0,0,84
1545,82,0,1,84
1546,68,0,13,84
1547,20,40,2,84
1548,83,0,1,84
1549,30,12,8,84
1550,81,0,3,84
1551,84,0,0,84
1552,82,0,0,84
1553,81,0,3,84
1554,81,0,0,84
1555,73,0,10,84
1556,78,0,2,84
1557,82,0,1,84
1558,0,82,0,83
1559,0,0,2,83
1560,72,7,0,83
1561,78,0,2,83
1562,65,0,9,83
1563,79,0,2,83
1564,83,0,0,83
1565,81,0,0,83
1566,77,0,3,83
1567,0,69,0,83
1568,76,0,5,83
1569,68,0,11,83
1570,32,0,49,83
1571,1,76,0,83
1572,1,61,15,83
1573,11,38,7,83
1574,76,0,1,83
1575,78,0,0,82
1576,82,0,0,82
1577,47,0,35,82
1578,78,0,3,82
1579,80,0,0,82
1580,82,0,0,82
1581,65,2,5,82
1582,69,0,2,82
1583,78,0,4,82
1584,3,0,78,81
1585,76,0,5,81
1586,0,40,38,81
1587,74,0,5,81
1588,3,0,70,81
1589,76,0,4,81
1590,80,0,0,81
1591,80,0,0,81
1592,74,0,6,81
1593,70,0,1,81
1594,78,0,0,81
1595,0,72,0,81
1596,0,0,0,81
1597,75,0,4,81
1598,80,0,0,81
1599,79,0,0,80
1600,10,32,1,80
1601,80,0,0,80
1602,78,0,2,80
1603,80,0,0,80
1604,78,0,0,80
1605,54,0,15,80
1606,18,0,41,80
1607,0,0,23,80
1608,0,68,4,80
1609,73,0,2,80
1610,31,0,2,80
1611,65,0,0,80
1612,65,1,13,80
1613,9,0,70,80
1614,49,17,2,80
1615,71,0,7,80
1616,75,0,0,80
1617,77,0,0,79
1618,2,0,77,79
1619,76,0,1,79
1620,77,0,0,79
1621,44,0,32,79
1622,65,0,10,79
1623,62,0,16,79
1624,0,75,3,79
1625,69,0,5,79
1626,79,0,0,79
1627,71,0,8,79
1628,76,0,2,79
1629,78,0,0,79
1630,79,0,0,79
1631,77,0,1,79
1632,76,0,0,79
1633,61,0,6,79
1634,73,0,2,79
1635,79,0,0,79
1636,73,0,1,79
1637,0,0,0,78
1638,78,0,0,78
1639,44,31,2,78
1640,0,0,78,78
1641,76,0,1,78
1642,67,0,11,78
1643,78,0,0,78
1644,0,69,3,78
1645,0,73,2,78
1646,12,0,65,78
1647,70,0,6,78
1648,0,0,9,78
1649,72,1,3,78
1650,74,1,3,78
1651,78,0,0,78
1652,72,0,4,78
1653,75,0,0,78
1654,1,71,1,78
1655,19,0,58,78
1656,77,0,0,78
1657,0,72,0,78
1658,78,0,0,78
1659,56,0,10,78
1660,73,0,0,78
1661,0,67,2,78
1662,0,0,71,78
1663,72,0,2,77
1664,0,0,60,77
1665,77,0,0,77
1666,0,37,33,77
1667,35,4,13,77
1668,0,62,2,77
1669,77,0,0,77
1670,76,0,0,77
1671,77,0,0,77
1672,2,0,69,77
1673,76,0,0,77
1674,73,0,3,77
1675,75,1,0,77
1676,58,0,18,77
1677,77,0,0,77
1678,14,0,62,77
1679,8,39,10,76
1680,76,0,0,76
1681,0,0,75,76
1682,69,0,3,76
1683,71,0,2,76
1684,74,0,1,76
1685,75,0,0,76
1686,73,0,3,76
1687,70,0,6,76
1688,75,0,0,76
1689,32,6,30,76
1690,59,1,15,76
1691,76,0,0,76
1692,1,0,70,76
1693,74,0,0,76
1694,70,0,4,75
1695,72,0,2,75
1696,74,0,0,75
1697,74,0,0,75
1698,70,0,3,75
1699,73,0,0,75
1700,0,75,0,75
1701,24,0,48,75
1702,73,0,0,75
1703,73,0,1,75
1704,9,59,3,75
1705,74,0,0,75
1706,73,0,1,75
1707,71,1,0,74
1708,72,0,2,74
1709,61,0,2,74
1710,44,0,22,74
1711,74,0,0,74
1712,0,1,70,74
1713,58,0,2,74
1714,0,64,0,74
1715,74,0,0,74
1716,13,16,14,74
1717,61,0,12,74
1718,0,0,58,74
1719,72,0,1,74
1720,16,0,36,74
1721,34,0,39,74
1722,68,0,0,73
1723,39,0,16,73
1724,0,64,6,73
1725,0,0,5,73
1726,72,0,1,73
1727,56,0,16,73
1728,70,0,1,73
1729,70,0,2,73
1730,1,61,0,73
1731,73,0,0,73
1732,48,0,18,73
1733,71,0,2,73
1734,69,0,0,73
1735,70,0,1,73
1736,72,0,1,73
1737,70,0,2,73
1738,0,63,1,73
1739,54,1,8,73
1740,72,0,0,73
1741,7,59,1,73
1742,73,0,0,73
1743,71,0,0,73
1744,55,1,14,72
1745,71,0,0,72
1746,68,0,4,72
1747,63,1,5,72
1748,67,0,2,72
1749,64,0,6,72
1750,1,0,61,72
1751,57,0,13,72
1752,64,0,7,72
1753,71,0,0,72
1754,72,0,0,72
1755,69,0,0,72
1756,71,0,1,72
1757,70,0,1,72
1758,7,0,37,72
1759,58,0,1,72
1760,70,0,1,72
1761,70,0,2,72
1762,71,0,0,72
1763,66,0,3,72
1764,72,0,0,72
1765,59,0,0,72
1766,1,67,0,72
1767,16,3,10,72
1768,65,0,7,72
1769,67,0,3,72
1770,0,66,2,72
1771,5,0,67,72
1772,41,0,2,72
1773,68,0,2,72
1774,71,0,0,72
1775,20,10,32,71
1776,46,0,6,71
1777,67,0,0,71
1778,64,0,6,71
1779,71,0,0,71
1780,69,0,1,71
1781,70,0,1,71
1782,71,0,0,71
1783,40,0,30,71
1784,71,0,0,71
1785,70,0,0,71
1786,16,0,51,71
1787,68,0,0,71
1788,2,58,0,71
1789,66,0,1,71
1790,67,0,1,71
1791,62,0,3,71
1792,66,0,5,71
1793,0,14,2,71
1794,70,0,0,71
1795,0,0,71,71
1796,0,0,68,71
1797,69,1,0,71
1798,70,0,0,71
1799,59,0,3,71
1800,70,0,0,70
1801,0,68,0,70
1802,70,0,0,70
1803,70,0,0,70
1804,61,0,4,70
1805,3,42,1,70
1806,23,11,1,70
1807,68,0,1,70
1808,68,0,1,70
1809,64,0,4,70
1810,56,0,11,70
1811,67,0,1,70
1812,67,0,2,70
1813,69,0,0,70
1814,41,0,28,70
1815,66,0,0,70
1816,23,1,24,70
1817,0,0,65,70
1818,5,0,65,70
1819,3,0,35,70
1820,69,0,0,69
1821,69,0,0,69
1822,66,0,1,69
1823,68,0,1,69
1824,67,0,2,69
1825,8,45,8,69
1826,44,0,17,69
1827,67,0,0,69
1828,7,0,61,69
1829,63,0,3,69
1830,69,0,0,69
1831,69,0,0,69
1832,68,0,0,69
1833,53,0,6,69
1834,67,0,0,69
1835,67,0,2,69
1836,67,0,0,69
1837,67,0,1,69
1838,61,4,4,69
1839,69,0,0,69
1840,3,0,52,68
1841,62,4,0,68
1842,66,0,1,68
1843,68,0,0,68
1844,64,0,0,68
1845,66,0,1,68
1846,62,0,3,68
1847,54,0,3,68
1848,25,0,43,68
1849,65,0,2,68
1850,54,0,12,68
1851,0,59,0,68
1852,0,58,0,68
1853,67,0,0,68
1854,57,0,2,68
1855,23,32,5,68
1856,0,0,54,68
1857,0,64,0,67
1858,67,0,0,67
1859,66,0,1,67
1860,0,64,0,67
1861,0,55,0,67
1862,64,1,0,67
1863,65,0,2,67
1864,13,0,52,67
1865,66,1,0,67
1866,65,0,0,67
1867,65,0,1,67
1868,0,59,1,67
1869,65,0,0,67
1870,67,0,0,67
1871,64,0,2,67
1872,48,0,2,67
1873,65,0,0,67
1874,61,0,3,67
1875,0,62,1,67
1876,49,1,9,67
1877,41,0,0,67
1878,66,0,1,67
1879,57,1,2,67
1880,15,0,48,67
1881,64,0,2,67
1882,21,31,7,66
1883,66,0,0,66
1884,64,0,0,66
1885,65,0,0,66
1886,43,0,16,66
1887,17,0,34,66
1888,18,5,26,66
1889,66,0,0,66
1890,60,0,4,66
1891,0,0,66,66
1892,0,25,26,66
1893,37,0,28,66
1894,64,0,0,66
1895,0,0,4,66
1896,56,0,4,66
1897,65,0,0,66
1898,66,0,0,66
1899,66,0,0,66
1900,3,17,3,66
1901,65,0,1,66
1902,57,1,7,66
1903,54,0,5,66
1904,25,0,38,65
1905,62,0,3,65
1906,64,0,1,65
1907,65,0,0,65
1908,0,61,0,65
1909,60,0,1,65
1910,62,1,1,65
1911,64,0,0,65
1912,63,0,0,65
1913,64,0,0,65
1914,65,0,0,65
1915,63,0,2,65
1916,0,59,0,65
1917,58,0,2,65
1918,43,1,8,65
1919,0,60,0,65
1920,63,0,1,65
1921,55,0,9,65
1922,54,0,6,65
1923,61,0,0,65
1924,61,0,4,65
1925,0,0,2,65
1926,0,63,0,65
1927,62,0,0,65
1928,64,0,0,64
1929,63,0,1,64
1930,62,0,0,64
1931,64,0,0,64
1932,64,0,0,64
1933,4,43,1,64
1934,24,0,23,64
1935,63,0,0,64
1936,61,0,2,64
1937,62,0,0,64
1938,63,0,0,64
1939,0,51,3,64
1940,3,0,43,64
1941,4,2,51,64
1942,1,54,3,64
1943,31,0,32,64
1944,63,0,1,64
1945,64,0,0,64
1946,61,0,0,64
1947,0,0,62,64
1948,63,0,1,64
1949,62,0,2,64
1950,62,0,0,64
1951,63,0,0,64
1952,58,0,1,64
1953,62,0,2,64
1954,62,0,0,64
1955,60,0,1,64
1956,61,0,1,63
1957,63,0,0,63
1958,63,0,0,63
1959,40,0,20,63
1960,62,0,1,63
1961,0,0,63,63
1962,62,0,1,63
1963,0,8,54,63
1964,4,0,58,63
1965,62,0,0,63
1966,1,52,2,63
1967,62,0,0,63
1968,58,0,0,63
1969,1,0,51,63
1970,32,0,30,63
1971,56,0,6,63
1972,52,0,7,63
1973,56,0,3,63
1974,62,0,0,63
1975,57,0,3,63
1976,0,0,63,63
1977,0,62,0,63
1978,63,0,0,63
1979,63,0,0,63
1980,58,0,3,62
1981,62,0,0,62
1982,62,0,0,62
1983,52,0,8,62
1984,61,0,0,62
1985,32,0,29,62
1986,0,57,1,62
1987,32,0,28,62
1988,52,0,9,62
1989,48,0,1,62
1990,59,0,2,62
1991,57,0,5,62
1992,49,0,8,62
1993,57,3,0,62
1994,53,0,2,62
1995,0,0,62,62
1996,0,0,6,62
1997,20,38,1,62
1998,58,0,0,62
1999,62,0,0,62
2000,59,0,0,62
2001,61,0,0,62
2002,4,0,48,62
2003,60,0,2,62
2004,17,0,10,62
2005,31,0,13,62
2006,62,0,0,62
2007,25,0,27,62
2008,62,0,0,62
2009,61,0,0,62
2010,61,0,0,62
2011,44,0,0,61
2012,45,0,2,61
2013,32,0,29,61
2014,61,0,0,61
2015,0,43,8,61
2016,6,0,51,61
2017,58,0,2,61
2018,60,0,1,61
2019,41,0,4,61
2020,0,1,51,61
2021,0,0,0,61
2022,60,0,0,61
2023,52,0,5,61
2024,59,0,1,61
2025,56,0,0,61
2026,1,57,1,61
2027,0,0,22,61
2028,57,0,1,61
2029,0,44,4,61
2030,25,0,17,60
2031,1,0,39,60
2032,60,0,0,60
2033,60,0,0,60
2034,50,0,2,60
2035,59,0,0,60
2036,6,0,53,60
2037,13,1,42,60
2038,44,0,12,60
2039,57,0,2,60
2040,53,0,0,60
2041,60,0,0,60
2042,58,0,0,60
2043,57,0,3,60
2044,3,0,42,60
2045,55,2,1,60
2046,59,0,1,60
2047,37,0,22,60
2048,60,0,0,60
2049,0,0,56,60
2050,58,0,1,60
2051,10,0,48,60
2052,59,0,1,60
2053,36,0,16,60
2054,60,0,0,60
2055,55,0,0,60
2056,60,0,0,60
2057,54,0,4,60
2058,55,0,5,60
2059,59,0,0,60
2060,60,0,0,60
2061,59,0,0,60
2062,57,0,1,60
2063,7,0,27,60
2064,39,3,3,60
2065,57,0,1,60
2066,58,0,2,60
2067,58,0,1,59
2068,57,1,1,59
2069,56,0,1,59
2070,59,0,0,59
2071,12,0,30,59
2072,59,0,0,59
2073,57,0,1,59
2074,0,0,13,59
2075,1,0,57,59
2076,14,0,41,59
2077,25,0,2,59
2078,56,0,1,59
2079,49,0,6,59
2080,53,0,2,59
2081,54,0,2,59
2082,59,0,0,59
2083,45,0,11,59
2084,57,0,2,59
2085,1,0,55,59
2086,59,0,0,59
2087,55,0,2,59
2088,49,0,7,59
2089,55,0,3,59
2090,0,45,4,59
2091,59,0,0,59
2092,0,0,55,59
2093,58,0,1,59
2094,25,0,18,59
2095,55,0,1,59
2096,58,0,0,59
2097,53,0,2,59
2098,58,0,0,59
2099,5,47,6,59
2100,59,0,0,59
2101,55,0,2,59
2102,42,0,17,59
2103,0,0,55,58
2104,0,58,0,58
2105,51,0,0,58
2106,1,50,3,58
2107,27,0,23,58
2108,0,58,0,58
2109,56,0,1,58
2110,51,0,5,58
2111,53,0,2,58
2112,12,0,44,58
2113,0,48,2,58
2114,55,0,2,58
2115,58,0,0,58
2116,58,0,0,58
2117,3,0,48,58
2118,0,0,0,58
2119,56,2,0,58
2120,57,0,0,58
2121,54,0,2,58
2122,0,0,52,58
2123,56,0,1,58
2124,57,0,0,58
2125,0,0,46,58
2126,54,2,0,58
2127,0,38,0,58
2128,53,0,3,58
2129,57,1,0,58
2130,51,0,3,58
2131,0,49,2,58
2132,57,0,0,58
2133,58,0,0,58
2134,55,0,1,58
2135,0,0,54,58
2136,1,0,52,57
2137,57,0,0,57
2138,57,0,0,57
2139,0,54,0,57
2140,55,0,1,57
2141,0,42,1,57
2142,57,0,0,57
2143,56,0,1,57
2144,53,1,2,57
2145,57,0,0,57
2146,1,0,0,57
2147,0,56,0,57
2148,57,0,0,57
2149,0,0,57,57
2150,46,0,4,57
2151,51,0,0,57
2152,57,0,0,57
2153,41,0,3,57
2154,57,0,0,57
2155,46,0,5,57
2156,44,0,13,57
2157,0,48,2,57
2158,57,0,0,57
2159,56,0,1,57
2160,0,0,57,57
2161,56,0,1,57
2162,57,0,0,57
2163,56,0,0,57
2164,57,0,0,57
2165,56,0,0,57
2166,55,0,0,57
2167,57,0,0,57
2168,54,0,3,57
2169,57,0,0,57
2170,55,1,1,57
2171,45,0,7,57
2172,51,1,2,57
2173,55,0,0,56
2174,56,0,0,56
2175,54,0,2,56
2176,53,0,1,56
2177,37,0,18,56
2178,28,0,3,56
2179,0,0,7,56
2180,7,0,41,56
2181,56,0,0,56
2182,43,0,12,56
2183,50,1,4,56
2184,1,1,52,56
2185,41,0,2,56
2186,9,42,0,56
2187,15,0,41,56
2188,52,0,1,56
2189,53,0,0,56
2190,54,0,0,56
2191,39,0,11,56
2192,56,0,0,56
2193,33,0,0,56
2194,0,42,2,56
2195,0,0,54,56
2196,55,0,0,56
2197,45,0,3,56
2198,53,0,1,56
2199,0,0,51,56
2200,50,0,3,56
2201,47,0,5,56
2202,55,0,0,56
2203,48,0,1,56
2204,56,0,0,56
2205,56,0,0,56
2206,55,0,0,56
2207,53,0,0,56
2208,55,0,0,56
2209,52,0,2,56
2210,21,0,30,56
2211,56,0,0,56
2212,52,0,1,55
2213,46,0,4,55
2214,20,5,29,55
2215,52,0,1,55
2216,53,0,0,55
2217,50,0,1,55
2218,55,0,0,55
2219,54,0,1,55
2220,26,0,27,55
2221,0,0,49,55
2222,54,0,1,55
2223,49,0,4,55
2224,55,0,0,55
2225,53,0,0,55
2226,50,0,3,55
2227,55,0,0,55
2228,50,0,1,55
2229,55,0,0,55
2230,53,0,0,55
2231,25,2,19,55
2232,51,0,0,55
2233,45,0,5,55
2234,53,0,0,55
2235,53,0,0,55
2236,46,0,4,55
2237,51,0,2,55
2238,0,0,0,55
2239,18,0,33,54
2240,15,0,37,54
2241,53,0,1,54
2242,50,0,3,54
2243,53,0,0,54
2244,54,0,0,54
2245,18,0,36,54
2246,54,0,0,54
2247,1,51,0,54
2248,40,8,3,54
2249,32,0,17,54
2250,0,0,49,54
2251,52,0,2,54
2252,52,0,1,54
2253,9,0,43,54
2254,52,0,1,54
2255,50,0,0,54
2256,1,0,43,54
2257,50,0,3,54
2258,5,0,39,54
2259,54,0,0,54
2260,53,0,0,54
2261,4,0,50,54
2262,54,0,0,54
2263,50,0,1,54
2264,50,0,0,54
2265,8,0,44,54
2266,53,0,1,54
2267,1,14,1,54
2268,50,0,1,54
2269,51,0,0,54
2270,53,0,0,54
2271,51,0,0,54
2272,1,0,52,54
2273,47,0,7,54
2274,51,0,3,54
2275,51,0,1,54
2276,0,52,0,54
2277,52,0,1,54
2278,53,0,0,54
2279,47,0,7,54
2280,4,0,50,54
2281,54,0,0,54
2282,27,0,2,54
2283,50,0,1,54
2284,47,0,2,53
2285,42,0,10,53
2286,18,0,33,53
2287,49,0,0,53
2288,52,0,0,53
2289,0,0,50,53
2290,52,0,0,53
2291,43,0,6,53
2292,0,41,6,53
2293,39,1,13,53
2294,50,0,1,53
2295,35,1,8,53
2296,14,0,38,53
2297,37,0,1,53
2298,48,0,4,53
2299,52,0,0,53
2300,0,0,29,53
2301,53,0,0,53
2302,43,0,3,53
2303,50,0,0,53
2304,25,1,21,53
2305,53,0,0,53
2306,49,0,2,53
2307,0,51,0,53
2308,0,0,46,53
2309,0,0,5,53
2310,51,0,1,53
2311,47,0,1,53
2312,53,0,0,53
2313,52,0,1,53
2314,52,0,1,53
2315,2,0,46,53
2316,0,0,49,53
2317,1,28,9,53
2318,12,0,7,52
2319,51,0,1,52
2320,49,0,0,52
2321,0,0,8,52
2322,46,0,4,52
2323,52,0,0,52
2324,3,22,14,52
2325,18,1,33,52
2326,51,0,1,52
2327,48,0,4,52
2328,50,0,1,52
2329,35,1,16,52
2330,0,0,52,52
2331,51,0,0,52
2332,51,0,0,52
2333,52,0,0,52
2334,3,3,31,52
2335,49,0,0,52
2336,23,0,28,52
2337,0,47,1,52
2338,39,0,13,52
2339,0,9,3,52
2340,50,0,1,52
2341,0,0,39,52
2342,49,0,1,52
2343,52,0,0,52
2344,51,0,0,52
2345,48,0,1,52
2346,49,0,2,52
2347,0,0,2,52
2348,51,0,0,52
2349,51,0,0,52
2350,52,0,0,52
2351,38,10,1,52
2352,51,0,0,51
2353,22,0,24,51
2354,51,0,0,51
2355,38,0,13,51
2356,29,0,1,51
2357,47,0,1,51
2358,1,0,47,51
2359,44,0,6,51
2360,50,0,0,51
2361,9,4,23,51
2362,51,0,0,51
2363,0,0,49,51
2364,2,0,49,51
2365,47,0,3,51
2366,50,0,0,51
2367,45,0,4,51
2368,47,0,0,51
2369,51,0,0,51
2370,25,0,3,51
2371,0,0,48,51
2372,51,0,0,51
2373,48,0,0,51
2374,50,0,0,51
2375,25,9,6,51
2376,50,0,0,51
2377,51,0,0,51
2378,51,0,0,51
2379,49,0,2,51
2380,48,0,3,51
2381,47,0,4,51
2382,51,0,0,51
2383,50,0,0,51
2384,43,0,7,51
2385,0,0,41,51
2386,45,0,1,51
2387,0,0,31,51
2388,47,0,1,50
2389,50,0,0,50
2390,0,0,50,50
2391,32,2,13,50
2392,45,0,3,50
2393,44,0,6,50
2394,0,45,2,50
2395,47,0,3,50
2396,36,0,11,50
2397,6,0,43,50
2398,50,0,0,50
2399,4,0,45,50
2400,0,0,43,50
2401,50,0,0,50
2402,48,1,0,50
2403,43,0,5,50
2404,2,0,46,50
2405,11,0,26,50
2406,32,14,0,50
2407,2,19,15,50
2408,43,0,3,50
2409,48,0,0,50
2410,42,0,2,50
2411,49,0,0,50
2412,48,0,2,50
2413,0,0,49,50
2414,49,1,0,50
2415,49,0,0,50
2416,13,0,37,50
2417,23,0,14,50
2418,49,0,0,50
2419,48,0,0,50
2420,37,1,10,49
2421,46,0,0,49
2422,48,0,0,49
2423,5,0,1,49
2424,2,0,47,49
2425,48,0,1,49
2426,3,38,0,49
2427,46,0,2,49
2428,46,0,2,49
2429,40,0,6,49
2430,41,7,0,49
2431,0,47,0,49
2432,0,44,0,49
2433,48,0,1,49
2434,46,0,0,49
2435,46,0,0,49
2436,49,0,0,49
2437,49,0,0,49
2438,45,0,1,49
2439,20,0,27,49
2440,0,0,0,49
2441,45,0,1,49
2442,46,0,0,49
2443,0,40,0,49
2444,49,0,0,49
2445,19,0,27,49
2446,48,0,0,49
2447,35,0,3,49
2448,48,0,0,49
2449,49,0,0,49
2450,44,0,4,49
2451,42,0,7,49
2452,0,42,0,48
2453,48,0,0,48
2454,48,0,0,48
2455,37,0,4,48
2456,24,0,24,48
2457,47,1,0,48
2458,40,0,8,48
2459,45,0,2,48
2460,39,0,1,48
2461,48,0,0,48
2462,47,0,0,48
2463,0,0,4,48
2464,2,0,9,48
2465,48,0,0,48
2466,0,0,48,48
2467,29,0,13,48
2468,48,0,0,48
2469,1,0,46,48
2470,33,4,2,48
2471,33,0,9,48
2472,42,0,4,48
2473,42,0,2,48
2474,46,0,1,48
2475,45,0,1,48
2476,47,0,0,48
2477,0,0,45,48
2478,29,0,19,48
2479,8,0,39,48
2480,45,0,2,48
2481,48,0,0,48
2482,42,0,3,48
2483,48,0,0,48
2484,31,16,0,48
2485,45,2,1,48
2486,46,0,0,48
2487,47,0,0,48
2488,0,44,0,48
2489,46,0,1,47
2490,28,0,15,47
2491,47,0,0,47
2492,46,0,0,47
2493,44,0,1,47
2494,47,0,0,47
2495,44,0,0,47
2496,0,0,41,47
2497,47,0,0,47
2498,6,0,7,47
2499,46,0,1,47
2500,8,0,11,47
2501,46,0,0,47
2502,45,0,2,47
2503,44,0,1,47
2504,3,35,4,47
2505,43,0,1,47
2506,39,0,3,47
2507,37,0,10,47
2508,42,0,0,47
2509,8,0,38,47
2510,45,0,1,47
2511,47,0,0,47
2512,35,0,8,47
2513,0,40,1,47
2514,44,2,0,47
2515,0,39,0,47
2516,43,0,1,47
2517,46,0,0,47
2518,1,36,4,47
2519,44,0,0,47
2520,4,11,0,47
2521,47,0,0,47
2522,40,0,3,47
2523,47,0,0,47
2524,47,0,0,47
2525,0,0,30,47
2526,28,0,0,47
2527,47,0,0,47
2528,13,0,32,47
2529,45,0,1,47
2530,42,1,2,47
2531,43,0,2,47
2532,41,0,0,46
2533,46,0,0,46
2534,37,0,4,46
2535,45,0,0,46
2536,41,2,1,46
2537,45,1,0,46
2538,40,0,6,46
2539,43,0,1,46
2540,40,0,4,46
2541,16,0,21,46
2542,41,0,4,46
2543,43,1,1,46
2544,31,12,1,46
2545,42,4,0,46
2546,5,0,40,46
2547,45,0,0,46
2548,44,0,1,46
2549,41,0,3,46
2550,37,0,5,46
2551,6,32,1,46
2552,0,0,0,46
2553,0,43,0,46
2554,41,0,1,46
2555,37,0,5,46
2556,45,0,0,46
2557,44,0,0,46
2558,43,0,1,46
2559,39,0,0,46
2560,40,0,0,45
2561,0,36,4,45
2562,44,0,0,45
2563,17,0,25,45
2564,44,0,0,45
2565,42,0,1,45
2566,34,0,9,45
2567,0,1,2,45
2568,0,0,42,45
2569,36,0,1,45
2570,45,0,0,45
2571,0,1,15,45
2572,42,0,3,45
2573,44,0,1,45
2574,43,0,0,45
2575,25,0,20,45
2576,45,0,0,45
2577,13,0,32,45
2578,37,0,5,45
2579,43,0,0,45
2580,0,43,0,45
2581,45,0,0,45
2582,45,0,0,45
2583,0,40,3,45
2584,0,42,1,45
2585,1,34,2,45
2586,0,44,1,45
2587,36,0,2,45
2588,0,0,38,45
2589,43,0,2,45
2590,0,43,0,45
2591,41,0,2,45
2592,42,0,0,45
2593,43,0,0,45
2594,42,0,3,45
2595,44,0,1,45
2596,10,2,32,45
2597,40,0,4,45
2598,23,14,3,44
2599,39,0,3,44
2600,43,0,1,44
2601,22,0,21,44
2602,41,0,3,44
2603,42,0,0,44
2604,42,0,1,44
2605,31,0,2,44
2606,44,0,0,44
2607,44,0,0,44
2608,41,0,2,44
2609,0,0,8,44
2610,5,0,39,44
2611,42,0,2,44
2612,43,0,1,44
2613,0,0,40,44
2614,29,0,15,44
2615,44,0,0,44
2616,39,0,0,44
2617,42,0,1,44
2618,40,0,0,44
2619,0,0,10,44
2620,41,0,3,44
2621,43,0,0,44
2622,35,0,7,44
2623,41,0,0,44
2624,42,0,0,44
2625,40,0,2,44
2626,0,0,36,44
2627,1,0,43,44
2628,38,0,0,44
2629,44,0,0,44
2630,44,0,0,44
2631,43,0,0,44
2632,42,0,2,44
2633,43,0,0,44
2634,40,0,0,44
2635,41,0,0,44
2636,40,0,3,44
2637,0,0,41,44
2638,44,0,0,44
2639,44,0,0,44
2640,42,0,0,44
2641,43,0,1,44
2642,7,0,29,44
2643,34,0,4,44
2644,0,0,0,44
2645,1,0,43,44
2646,40,0,1,44
2647,41,0,0,44
2648,43,0,0,44
2649,2,0,36,44
2650,40,0,4,44
2651,12,0,30,44
2652,2,40,0,43
2653,42,0,1,43
2654,42,0,1,43
2655,2,1,0,43
2656,28,0,12,43
2657,42,0,0,43
2658,25,0,13,43
2659,37,0,0,43
2660,30,0,8,43
2661,37,0,0,43
2662,42,0,0,43
2663,43,0,0,43
2664,2,30,6,43
2665,0,24,11,43
2666,5,6,20,43
2667,0,0,40,43
2668,7,17,2,43
2669,0,0,23,43
2670,43,0,0,43
2671,42,0,0,43
2672,41,0,0,43
2673,10,0,30,43
2674,3,0,38,43
2675,43,0,0,43
2676,26,0,17,43
2677,41,0,1,43
2678,43,0,0,43
2679,0,29,9,43
2680,42,0,0,43
2681,42,0,1,43
2682,40,0,2,43
2683,38,0,0,43
2684,42,0,0,43
2685,43,0,0,43
2686,0,30,1,43
2687,42,0,1,43
2688,42,0,0,43
2689,42,0,1,43
2690,0,0,40,43
2691,33,1,7,43
2692,4,20,11,43
2693,41,0,0,43
2694,0,41,1,43
2695,26,7,1,43
2696,43,0,0,43
2697,0,42,0,43
2698,37,0,4,43
2699,41,0,2,43
2700,41,0,0,43
2701,43,0,0,43
2702,36,1,4,43
2703,42,0,0,43
2704,35,0,5,42
2705,34,0,7,42
2706,41,0,1,42
2707,41,0,1,42
2708,42,0,0,42
2709,39,1,2,42
2710,42,0,0,42
2711,41,0,0,42
2712,42,0,0,42
2713,39,1,0,42
2714,30,0,6,42
2715,40,0,0,42
2716,40,0,2,42
2717,41,0,0,42
2718,41,0,0,42
2719,2,4,0,42
2720,32,0,8,42
2721,41,0,1,42
2722,42,0,0,42
2723,0,0,42,42
2724,42,0,0,42
2725,13,27,0,42
2726,4,0,37,42
2727,41,0,0,42
2728,0,0,42,42
2729,42,0,0,42
2730,14,0,17,42
2731,36,1,5,42
2732,40,0,1,42
2733,42,0,0,42
2734,0,0,40,42
2735,0,41,0,42
2736,0,0,42,42
2737,41,0,0,42
2738,0,0,42,42
2739,14,0,26,42
2740,42,0,0,42
2741,41,0,0,42
2742,33,0,1,42
2743,41,0,0,42
2744,40,0,2,42
2745,0,38,0,42
2746,14,0,27,42
2747,40,0,2,42
2748,40,0,0,42
2749,42,0,0,42
2750,33,1,8,42
2751,41,0,1,42
2752,40,0,0,42
2753,40,0,0,42
2754,42,0,0,42
2755,36,0,4,41
2756,41,0,0,41
2757,39,0,2,41
2758,41,0,0,41
2759,37,0,1,41
2760,0,0,40,41
2761,41,0,0,41
2762,41,0,0,41
2763,33,0,1,41
2764,39,0,1,41
2765,41,0,0,41
2766,36,0,0,41
2767,36,0,0,41
2768,0,39,1,41
2769,2,0,18,41
2770,40,0,1,41
2771,26,6,0,41
2772,41,0,0,41
2773,0,35,1,41
2774,0,0,40,41
2775,41,0,0,41
2776,41,0,0,41
2777,28,0,0,41
2778,0,36,2,41
2779,40,0,0,41
2780,0,0,41,41
2781,37,0,0,41
2782,40,0,0,41
2783,38,3,0,41
2784,41,0,0,41
2785,39,0,0,41
2786,34,0,1,41
2787,0,38,0,41
2788,41,0,0,41
2789,37,0,2,41
2790,0,0,36,41
2791,0,41,0,41
2792,33,0,6,41
2793,0,0,40,41
2794,40,0,0,41
2795,19,0,15,41
2796,14,0,6,41
2797,0,37,0,40
2798,39,0,0,40
2799,0,35,1,40
2800,37,0,0,40
2801,37,0,0,40
2802,40,0,0,40
2803,39,0,1,40
2804,40,0,0,40
2805,40,0,0,40
2806,37,0,0,40
2807,38,0,0,40
2808,32,0,8,40
2809,38,0,0,40
2810,40,0,0,40
2811,0,35,0,40
2812,39,0,0,40
2813,12,0,23,40
2814,11,1,23,40
2815,38,0,0,40
2816,22,0,0,40
2817,36,0,2,40
2818,40,0,0,40
2819,0,0,2,40
2820,40,0,0,40
2821,39,0,0,40
2822,40,0,0,40
2823,40,0,0,40
2824,40,0,0,40
2825,0,37,0,40
2826,40,0,0,40
2827,39,0,0,40
2828,39,0,1,40
2829,40,0,0,40
2830,34,0,5,40
2831,40,0,0,40
2832,40,0,0,40
2833,40,0,0,40
2834,40,0,0,40
2835,39,0,0,40
2836,39,0,0,40
2837,33,0,0,40
2838,0,0,33,40
2839,17,0,0,40
2840,40,0,0,40
2841,39,0,0,40
2842,0,0,37,40
2843,3,0,34,39
2844,39,0,0,39
2845,36,0,3,39
2846,33,0,5,39
2847,37,0,2,39
2848,30,0,4,39
2849,39,0,0,39
2850,16,0,18,39
2851,38,0,0,39
2852,37,0,0,39
2853,36,0,0,39
2854,33,0,1,39
2855,38,0,0,39
2856,39,0,0,39
2857,33,1,2,39
2858,38,0,0,39
2859,39,0,0,39
2860,6,0,27,39
2861,34,0,5,39
2862,1,31,0,39
2863,36,0,0,39
2864,37,0,2,39
2865,38,0,1,39
2866,39,0,0,39
2867,39,0,0,39
2868,29,1,3,39
2869,0,20,1,39
2870,39,0,0,39
2871,38,0,0,39
2872,37,0,0,39
2873,0,25,0,39
2874,33,0,1,39
2875,39,0,0,39
2876,35,0,1,39
2877,37,0,0,39
2878,39,0,0,39
2879,0,6,32,39
2880,26,3,1,39
2881,0,0,3,39
2882,35,0,4,39
2883,0,0,23,39
2884,37,0,2,39
2885,37,0,0,39
2886,0,0,37,39
2887,39,0,0,39
2888,0,0,39,39
2889,38,0,0,39
2890,39,0,0,39
2891,30,0,7,39
2892,4,0,31,39
2893,7,0,29,39
2894,36,2,0,39
2895,2,0,33,38
2896,24,0,11,38
2897,1,2,33,38
2898,4,0,33,38
2899,17,5,16,38
2900,0,37,1,38
2901,37,0,0,38
2902,0,0,0,38
2903,38,0,0,38
2904,0,0,0,38
2905,15,0,7,38
2906,36,0,2,38
2907,32,0,4,38
2908,35,0,3,38
2909,3,0,34,38
2910,0,0,37,38
2911,37,0,1,38
2912,36,0,2,38
2913,38,0,0,38
2914,35,0,2,38
2915,34,0,2,38
2916,36,0,2,38
2917,37,0,1,38
2918,37,0,1,38
2919,37,0,0,38
2920,37,0,1,38
2921,36,0,0,38
2922,38,0,0,38
2923,20,0,0,38
2924,19,0,1,38
2925,38,0,0,38
2926,36,0,1,38
2927,15,3,2,38
2928,38,0,0,38
2929,24,0,12,38
2930,0,0,38,38
2931,37,0,1,38
2932,37,0,1,38
2933,0,0,37,38
2934,4,34,0,38
2935,38,0,0,38
2936,37,0,0,38
2937,37,0,0,38
2938,38,0,0,38
2939,37,0,0,38
2940,31,0,7,38
2941,6,2,20,38
2942,38,0,0,38
2943,0,0,6,38
2944,22,1,6,38
2945,36,0,1,38
2946,10,23,4,38
2947,36,0,2,38
2948,31,0,6,38
2949,0,34,1,38
2950,1,0,37,38
2951,36,0,0,38
2952,0,38,0,38
2953,37,0,1,38
2954,38,0,0,38
2955,34,0,1,38
2956,38,0,0,38
2957,38,0,0,38
2958,0,0,37,38
2959,30,0,0,38
2960,36,0,0,37
2961,12,14,1,37
2962,36,0,1,37
2963,36,0,1,37
2964,19,1,13,37
2965,14,2,19,37
2966,0,0,0,37
2967,31,0,1,37
2968,36,0,1,37
2969,6,0,28,37
2970,35,0,1,37
2971,28,0,1,37
2972,11,2,12,37
2973,35,0,0,37
2974,37,0,0,37
2975,1,0,36,37
2976,37,0,0,37
2977,37,0,0,37
2978,35,0,2,37
2979,37,0,0,37
2980,37,0,0,37
2981,35,0,2,37
2982,35,0,0,37
2983,33,0,3,37
2984,32,0,1,37
2985,29,0,0,37
2986,30,0,5,37
2987,32,0,0,37
2988,36,0,0,37
2989,37,0,0,37
2990,0,23,0,37
2991,34,0,0,37
2992,36,0,0,37
2993,13,9,5,37
2994,30,0,1,37
2995,36,0,0,37
2996,1,26,5,37
2997,37,0,0,37
2998,20,2,5,37
2999,37,0,0,37
3000,36,0,1,37
3001,35,0,1,37
3002,37,0,0,37
3003,0,0,1,37
3004,0,36,1,37
3005,37,0,0,37
3006,27,0,8,37
3007,37,0,0,37
3008,35,0,0,37
3009,0,28,1,37
3010,34,0,1,37
3011,36,0,0,37
3012,36,0,1,37
3013,27,0,7,37
3014,36,0,1,37
3015,23,10,1,36
3016,15,0,13,36
3017,1,0,35,36
3018,32,0,2,36
3019,32,0,3,36
3020,1,0,35,36
3021,3,19,5,36
3022,32,0,4,36
3023,3,26,5,36
3024,0,35,0,36
3025,35,0,0,36
3026,3,4,26,36
3027,27,0,8,36
3028,0,34,0,36
3029,31,0,1,36
3030,33,0,0,36
3031,0,0,34,36
3032,33,0,3,36
3033,35,0,1,36
3034,36,0,0,36
3035,36,0,0,36
3036,34,0,1,36
3037,34,0,0,36
3038,0,0,0,36
3039,34,0,0,36
3040,31,0,5,36
3041,0,0,35,36
3042,36,0,0,36
3043,36,0,0,36
3044,19,0,7,36
3045,28,0,4,36
3046,0,1,0,36
3047,36,0,0,36
3048,36,0,0,36
3049,36,0,0,36
3050,35,0,1,36
3051,0,33,0,36
3052,0,0,33,36
3053,31,0,2,36
3054,0,0,32,36
3055,34,0,0,36
3056,36,0,0,36
3057,25,4,7,36
3058,36,0,0,36
3059,32,0,2,36
3060,5,0,29,36
3061,36,0,0,36
3062,35,0,1,36
3063,34,0,1,36
3064,25,0,7,36
3065,34,0,1,36
3066,31,0,0,36
3067,6,2,23,36
3068,29,1,0,36
3069,16,0,15,36
3070,1,0,24,36
3071,32,0,1,35
3072,35,0,0,35
3073,17,7,0,35
3074,0,33,0,35
3075,1,0,31,35
3076,6,0,19,35
3077,34,0,1,35
3078,34,0,1,35
3079,13,10,7,35
3080,2,0,19,35
3081,30,0,5,35
3082,35,0,0,35
3083,34,0,0,35
3084,26,0,7,35
3085,35,0,0,35
3086,35,0,0,35
3087,31,0,3,35
3088,35,0,0,35
3089,34,0,0,35
3090,0,0,34,35
3091,18,0,15,35
3092,34,0,0,35
3093,35,0,0,35
3094,25,0,10,35
3095,33,0,1,35
3096,6,23,2,35
3097,35,0,0,35
3098,34,0,0,35
3099,35,0,0,35
3100,0,6,1,35
3101,32,0,1,35
3102,33,0,2,35
3103,28,0,4,35
3104,30,0,3,35
3105,34,0,0,35
3106,35,0,0,35
3107,23,0,10,35
3108,0,32,2,35
3109,15,0,14,35
3110,29,0,6,35
3111,31,0,2,35
3112,32,0,1,35
3113,5,0,29,35
3114,34,0,0,35
3115,35,0,0,35
3116,35,0,0,35
3117,34,0,1,35
3118,35,0,0,35
3119,31,0,2,35
3120,32,0,2,35
3121,33,0,0,35
3122,25,0,2,35
3123,33,0,1,35
3124,34,0,0,35
3125,17,0,12,35
3126,8,0,26,35
3127,0,0,0,35
3128,33,0,0,35
3129,35,0,0,35
3130,34,0,1,35
3131,33,0,0,35
3132,34,0,0,35
3133,1,0,32,35
3134,31,0,4,35
3135,33,0,1,35
3136,1,0,22,35
3137,27,0,1,35
3138,3,0,22,35
3139,23,0,3,35
3140,3,0,2,35
3141,32,0,2,35
3142,33,1,0,35
3143,0,0,35,35
3144,0,0,30,35
3145,33,0,1,35
3146,0,0,22,35
3147,21,0,10,34
3148,31,0,1,34
3149,0,0,34,34
3150,33,0,0,34
3151,29,0,4,34
3152,32,0,1,34
3153,32,0,1,34
3154,33,0,0,34
3155,24,0,7,34
3156,16,0,18,34
3157,0,0,32,34
3158,25,8,0,34
3159,32,0,2,34
3160,0,30,1,34
3161,1,0,33,34
3162,33,0,0,34
3163,32,0,1,34
3164,30,0,3,34
3165,0,0,33,34
3166,34,0,0,34
3167,32,0,2,34
3168,31,0,1,34
3169,33,0,1,34
3170,1,0,33,34
3171,34,0,0,34
3172,30,0,2,34
3173,1,0,33,34
3174,33,0,0,34
3175,34,0,0,34
3176,27,0,2,34
3177,33,0,0,34
3178,33,0,1,34
3179,30,0,0,34
3180,30,0,3,34
3181,26,0,4,34
3182,34,0,0,34
3183,34,0,0,34
3184,0,0,22,34
3185,0,0,34,34
3186,0,0,32,34
3187,0,0,33,34
3188,19,0,15,34
3189,34,0,0,34
3190,33,0,0,34
3191,12,1,20,34
3192,33,0,0,34
3193,1,21,3,34
3194,32,0,0,34
3195,1,0,32,34
3196,0,28,0,34
3197,33,0,0,34
3198,29,1,0,34
3199,4,23,4,34
3200,22,7,5,34
3201,34,0,0,34
3202,33,0,0,34
3203,8,0,24,34
3204,0,0,34,34
3205,34,0,0,34
3206,33,0,1,34
3207,30,0,3,33
3208,33,0,0,33
3209,31,0,1,33
3210,2,0,28,33
3211,27,0,5,33
3212,0,31,0,33
3213,26,0,6,33
3214,4,7,4,33
3215,32,0,1,33
3216,32,0,0,33
3217,32,0,0,33
3218,30,0,3,33
3219,0,32,0,33
3220,4,0,3,33
3221,30,0,3,33
3222,30,1,0,33
3223,33,0,0,33
3224,0,0,32,33
3225,27,0,5,33
3226,23,0,6,33
3227,31,0,1,33
3228,32,0,1,33
3229,28,0,5,33
3230,33,0,0,33
3231,31,0,0,33
3232,25,0,3,33
3233,6,0,27,33
3234,25,0,2,33
3235,33,0,0,33
3236,33,0,0,33
3237,28,0,3,33
3238,0,0,31,33
3239,33,0,0,33
3240,33,0,0,33
3241,0,0,26,33
3242,23,0,0,33
3243,33,0,0,33
3244,0,0,0,33
3245,32,0,0,33
3246,31,0,0,33
3247,33,0,0,33
3248,8,0,19,33
3249,32,0,1,33
3250,29,0,2,33
3251,31,0,2,33
3252,29,0,2,33
3253,32,0,0,33
3254,13,3,6,33
3255,21,0,3,33
3256,25,1,2,33
3257,33,0,0,33
3258,33,0,0,33
3259,1,23,0,33
3260,0,0,0,33
3261,33,0,0,33
3262,0,0,8,33
3263,32,0,0,33
3264,0,0,30,33
3265,30,0,1,33
3266,29,0,1,33
3267,32,0,0,33
3268,33,0,0,33
3269,30,0,3,33
3270,32,0,0,33
3271,0,0,33,33
3272,22,2,7,33
3273,30,0,0,33
3274,30,0,0,33
3275,31,0,0,33
3276,16,0,16,33
3277,32,0,0,33
3278,33,0,0,33
3279,0,27,0,33
3280,0,0,19,33
3281,32,0,0,33
3282,0,0,10,32
3283,0,0,27,32
3284,31,0,0,32
3285,30,0,0,32
3286,17,0,11,32
3287,20,0,6,32
3288,26,0,6,32
3289,30,0,1,32
3290,32,0,0,32
3291,0,28,0,32
3292,6,10,4,32
3293,31,0,1,32
3294,24,0,6,32
3295,25,0,7,32
3296,0,0,30,32
3297,8,0,24,32
3298,30,0,1,32
3299,0,29,3,32
3300,31,0,1,32
3301,28,0,3,32
3302,31,0,0,32
3303,0,27,2,32
3304,30,0,0,32
3305,28,0,0,32
3306,30,0,1,32
3307,31,0,0,32
3308,0,0,30,32
3309,20,0,10,32
3310,23,0,8,32
3311,31,0,1,32
3312,25,0,5,32
3313,2,0,24,32
3314,32,0,0,32
3315,31,0,1,32
3316,0,0,2,32
3317,0,0,23,32
3318,31,0,1,32
3319,31,0,1,32
3320,32,0,0,32
3321,0,0,28,32
3322,6,0,23,32
3323,1,0,0,32
3324,31,0,0,32
3325,32,0,0,32
3326,31,0,0,32
3327,29,0,1,32
3328,31,0,0,32
3329,32,0,0,32
3330,30,0,1,32
3331,32,0,0,32
3332,8,14,0,32
3333,29,0,0,32
3334,0,0,1,32
3335,31,0,1,32
3336,26,0,0,32
3337,31,0,0,32
3338,10,0,22,32
3339,32,0,0,32
3340,29,0,1,32
3341,31,0,0,32
3342,31,0,0,32
3343,1,0,17,32
3344,32,0,0,32
3345,29,0,0,32
3346,30,0,1,32
3347,0,0,0,32
3348,5,0,26,32
3349,25,0,0,32
3350,31,0,0,32
3351,32,0,0,32
3352,29,0,2,32
3353,26,0,4,32
3354,32,0,0,32
3355,18,0,10,32
3356,0,29,0,32
3357,0,22,0,32
3358,31,1,0,32
3359,30,0,0,32
3360,24,0,5,32
3361,32,0,0,32
3362,1,0,31,32
3363,28,1,1,32
3364,30,0,1,31
3365,23,0,0,31
3366,19,0,10,31
3367,31,0,0,31
3368,5,1,17,31
3369,31,0,0,31
3370,30,0,1,31
3371,29,0,2,31
3372,30,0,0,31
3373,20,0,4,31
3374,31,0,0,31
3375,0,16,2,31
3376,27,0,4,31
3377,30,0,1,31
3378,30,0,1,31
3379,31,0,0,31
3380,16,0,7,31
3381,1,0,28,31
3382,27,0,2,31
3383,31,0,0,31
3384,31,0,0,31
3385,11,0,5,31
3386,30,0,1,31
3387,28,0,3,31
3388,29,0,2,31
3389,16,0,15,31
3390,23,0,4,31
3391,31,0,0,31
3392,4,23,0,31
3393,31,0,0,31
3394,31,0,0,31
3395,31,0,0,31
3396,7,0,22,31
3397,25,0,4,31
3398,1,1,28,31
3399,31,0,0,31
3400,30,0,0,31
3401,29,0,1,31
3402,31,0,0,31
3403,21,0,4,31
3404,31,0,0,31
3405,5,0,25,31
3406,26,0,5,31
3407,30,0,1,31
3408,31,0,0,31
3409,27,0,0,31
3410,31,0,0,31
3411,2,0,29,31
3412,27,0,3,31
3413,13,0,14,31
3414,28,0,0,31
3415,28,0,3,31
3416,31,0,0,31
3417,29,0,1,31
3418,31,0,0,31
3419,29,0,0,31
3420,0,2,25,31
3421,31,0,0,31
3422,30,0,1,31
3423,18,0,1,31
3424,19,0,2,31
3425,0,0,1,31
3426,16,0,7,31
3427,29,0,1,31
3428,30,0,0,31
3429,27,0,3,31
3430,27,0,0,31
3431,30,0,1,31
3432,2,1,27,31
3433,31,0,0,31
3434,25,0,2,31
3435,1,24,1,31
3436,31,0,0,31
3437,0,0,31,31
3438,1,25,0,31
3439,1,0,29,31
3440,30,0,0,30
3441,29,0,0,30
3442,28,0,0,30
3443,25,0,2,30
3444,0,0,30,30
3445,30,0,0,30
3446,27,0,2,30
3447,26,0,0,30
3448,30,0,0,30
3449,30,0,0,30
3450,30,0,0,30
3451,13,1,11,30
3452,29,0,0,30
3453,25,0,2,30
3454,29,0,0,30
3455,9,0,15,30
3456,0,11,1,30
3457,0,0,29,30
3458,0,28,0,30
3459,5,2,4,30
3460,23,0,0,30
3461,30,0,0,30
3462,30,0,0,30
3463,28,0,0,30
3464,29,0,1,30
3465,27,0,2,30
3466,30,0,0,30
3467,11,0,18,30
3468,0,20,5,30
3469,10,0,13,30
3470,23,2,1,30
3471,30,0,0,30
3472,30,0,0,30
3473,27,0,0,30
3474,0,21,0,30
3475,29,0,1,30
3476,0,0,29,30
3477,5,0,23,30
3478,9,0,21,30
3479,30,0,0,30
3480,27,0,2,30
3481,29,0,1,30
3482,1,0,29,30
3483,28,0,0,30
3484,30,0,0,30
3485,29,0,0,30
3486,7,7,7,30
3487,28,0,0,30
3488,30,0,0,30
3489,3,0,27,30
3490,30,0,0,30
3491,6,0,22,30
3492,23,0,1,30
3493,26,0,2,30
3494,25,0,2,30
3495,10,0,17,30
3496,29,0,0,30
3497,20,6,3,30
3498,24,0,2,30
3499,30,0,0,30
3500,9,0,18,30
3501,0,0,2,30
3502,1,0,8,30
3503,29,0,0,30
3504,27,0,1,30
3505,25,0,0,30
3506,24,0,4,30
3507,30,0,0,30
3508,1,10,15,30
3509,26,0,3,30
3510,0,5,19,30
3511,26,0,4,30
3512,30,0,0,30
3513,24,0,1,30
3514,29,0,1,30
3515,25,0,3,30
3516,29,0,0,30
3517,27,0,1,29
3518,0,19,5,29
3519,28,0,0,29
3520,26,0,1,29
3521,29,0,0,29
3522,28,0,0,29
3523,29,0,0,29
3524,29,0,0,29
3525,14,0,15,29
3526,25,0,2,29
3527,28,0,0,29
3528,29,0,0,29
3529,23,3,2,29
3530,25,0,3,29
3531,29,0,0,29
3532,29,0,0,29
3533,0,0,28,29
3534,29,0,0,29
3535,29,0,0,29
3536,18,0,11,29
3537,27,0,0,29
3538,0,0,21,29
3539,0,21,3,29
3540,24,0,1,29
3541,2,0,23,29
3542,0,25,0,29
3543,23,0,6,29
3544,1,2,22,29
3545,28,0,0,29
3546,7,1,13,29
3547,26,0,1,29
3548,29,0,0,29
3549,29,0,0,29
3550,27,0,1,29
3551,0,0,0,29
3552,28,0,1,29
3553,29,0,0,29
3554,0,0,27,29
3555,22,4,0,29
3556,1,0,26,29
3557,28,0,1,29
3558,27,0,2,29
3559,29,0,0,29
3560,29,0,0,29
3561,23,0,2,29
3562,26,0,1,29
3563,29,0,0,29
3564,0,21,4,29
3565,28,0,0,29
3566,0,27,2,29
3567,29,0,0,29
3568,0,0,29,29
3569,21,0,0,29
3570,29,0,0,29
3571,29,0,0,29
3572,26,0,0,29
3573,29,0,0,29
3574,28,0,0,29
3575,6,15,2,29
3576,24,0,5,29
3577,24,3,1,29
3578,3,14,2,29
3579,0,0,22,29
3580,13,0,1,29
3581,28,0,1,29
3582,15,0,12,29
3583,5,0,24,29
3584,7,0,20,29
3585,28,0,0,29
3586,0,29,0,29
3587,29,0,0,29
3588,28,0,0,29
3589,24,0,3,29
3590,25,0,0,29
3591,28,0,1,29
3592,29,0,0,29
3593,29,0,0,29
3594,0,0,0,29
3595,22,0,5,29
3596,7,0,20,29
3597,24,0,1,29
3598,0,0,28,29
3599,28,0,0,29
3600,28,0,0,28
3601,28,0,0,28
3602,23,0,1,28
3603,3,0,16,28
3604,0,0,28,28
3605,2,0,22,28
3606,24,0,2,28
3607,14,0,5,28
3608,25,0,0,28
3609,24,0,4,28
3610,27,0,0,28
3611,14,7,3,28
3612,26,0,2,28
3613,28,0,0,28
3614,27,0,0,28
3615,26,0,0,28
3616,14,0,8,28
3617,25,0,3,28
3618,8,0,20,28
3619,28,0,0,28
3620,28,0,0,28
3621,28,0,0,28
3622,15,3,1,28
3623,18,1,9,28
3624,28,0,0,28
3625,28,0,0,28
3626,20,0,5,28
3627,25,0,0,28
3628,28,0,0,28
3629,28,0,0,28
3630,28,0,0,28
3631,27,0,0,28
3632,28,0,0,28
3633,27,0,0,28
3634,27,0,1,28
3635,24,0,0,28
3636,25,1,2,28
3637,26,0,2,28
3638,28,0,0,28
3639,5,0,23,28
3640,0,25,0,28
3641,25,0,1,28
3642,24,0,1,28
3643,28,0,0,28
3644,0,0,3,28
3645,28,0,0,28
3646,9,0,19,28
3647,27,0,0,28
3648,4,0,23,28
3649,22,0,0,28
3650,28,0,0,28
3651,19,0,7,28
3652,8,8,0,28
3653,27,0,1,28
3654,28,0,0,28
3655,20,0,7,28
3656,27,0,0,28
3657,27,0,0,28
3658,26,0,0,28
3659,2,0,23,28
3660,26,0,2,28
3661,0,14,3,28
3662,28,0,0,28
3663,28,0,0,28
3664,27,0,0,28
3665,0,0,27,28
3666,6,0,19,28
3667,27,0,0,28
3668,28,0,0,28
3669,18,0,10,28
3670,25,0,2,28
3671,28,0,0,28
3672,25,0,1,28
3673,27,0,1,28
3674,28,0,0,28
3675,14,0,3,28
3676,28,0,0,28
3677,26,0,2,28
3678,2,0,20,28
3679,0,20,0,28
3680,25,1,1,28
3681,26,0,1,28
3682,27,0,0,27
3683,0,22,1,27
3684,4,0,22,27
3685,27,0,0,27
3686,26,0,0,27
3687,0,25,0,27
3688,21,0,2,27
3689,0,13,0,27
3690,26,0,1,27
3691,0,0,24,27
3692,27,0,0,27
3693,23,0,1,27
3694,27,0,0,27
3695,18,3,5,27
3696,27,0,0,27
3697,27,0,0,27
3698,27,0,0,27
3699,24,0,0,27
3700,0,0,21,27
3701,0,0,27,27
3702,3,0,24,27
3703,27,0,0,27
3704,26,1,0,27
3705,1,0,26,27
3706,27,0,0,27
3707,10,0,4,27
3708,15,0,7,27
3709,26,0,1,27
3710,27,0,0,27
3711,27,0,0,27
3712,27,0,0,27
3713,27,0,0,27
3714,18,0,3,27
3715,25,0,0,27
3716,0,0,3,27
3717,25,0,1,27
3718,26,0,0,27
3719,24,0,0,27
3720,26,0,0,27
3721,26,0,0,27
3722,26,0,1,27
3723,21,0,2,27
3724,27,0,0,27
3725,0,0,20,27
3726,0,0,26,27
3727,5,0,14,27
3728,2,7,17,27
3729,0,0,25,27
3730,23,0,2,27
3731,25,0,0,27
3732,27,0,0,27
3733,27,0,0,27
3734,4,0,0,27
3735,25,1,0,27
3736,24,0,0,27
3737,0,27,0,27
3738,25,1,0,27
3739,0,0,14,27
3740,26,0,0,27
3741,0,24,0,27
3742,26,0,1,27
3743,26,0,0,27
3744,21,0,5,27
3745,24,0,0,27
3746,18,0,7,27
3747,19,0,2,27
3748,25,0,0,27
3749,23,0,4,27
3750,25,0,1,27
3751,27,0,0,27
3752,26,0,0,27
3753,26,0,0,27
3754,1,0,26,27
3755,0,0,22,27
3756,26,0,1,27
3757,27,0,0,27
3758,27,0,0,27
3759,24,0,0,27
3760,27,0,0,27
3761,27,0,0,27
3762,22,0,2,27
3763,26,0,0,27
3764,26,0,0,27
3765,23,0,1,27
3766,25,0,0,27
3767,0,26,1,27
3768,26,0,0,27
3769,26,0,0,26
3770,18,0,8,26
3771,24,0,0,26
3772,26,0,0,26
3773,21,0,5,26
3774,26,0,0,26
3775,26,0,0,26
3776,26,0,0,26
3777,25,0,0,26
3778,7,0,16,26
3779,26,0,0,26
3780,25,0,1,26
3781,26,0,0,26
3782,26,0,0,26
3783,0,23,0,26
3784,26,0,0,26
3785,21,0,0,26
3786,9,0,13,26
3787,24,0,2,26
3788,25,0,0,26
3789,26,0,0,26
3790,18,0,8,26
3791,26,0,0,26
3792,26,0,0,26
3793,25,0,0,26
3794,5,0,12,26
3795,0,0,25,26
3796,26,0,0,26
3797,22,1,3,26
3798,26,0,0,26
3799,22,0,1,26
3800,23,0,1,26
3801,26,0,0,26
3802,18,1,6,26
3803,26,0,0,26
3804,26,0,0,26
3805,0,23,2,26
3806,26,0,0,26
3807,24,2,0,26
3808,23,0,0,26
3809,0,0,23,26
3810,25,1,0,26
3811,26,0,0,26
3812,0,22,0,26
3813,19,0,7,26
3814,21,0,4,26
3815,25,0,0,26
3816,24,0,1,26
3817,13,0,13,26
3818,0,25,0,26
3819,1,0,1,26
3820,26,0,0,26
3821,1,0,14,26
3822,10,0,14,26
3823,22,0,4,26
3824,14,0,3,26
3825,24,0,0,26
3826,26,0,0,26
3827,24,0,1,26
3828,26,0,0,26
3829,25,0,1,26
3830,25,0,0,26
3831,0,0,26,26
3832,8,0,16,26
3833,26,0,0,26
3834,24,0,1,26
3835,26,0,0,26
3836,0,0,0,26
3837,0,0,24,26
3838,0,0,6,26
3839,23,0,1,26
3840,26,0,0,26
3841,0,24,0,26
3842,0,25,1,26
3843,25,0,0,26
3844,25,0,0,26
3845,22,0,4,26
3846,15,0,10,26
3847,24,0,0,26
3848,26,0,0,26
3849,18,0,6,26
3850,25,0,0,26
3851,25,0,0,26
3852,1,0,15,26
3853,0,0,23,26
3854,24,0,0,26
3855,23,0,1,26
3856,5,3,17,26
3857,26,0,0,26
3858,1,16,0,26
3859,26,0,0,26
3860,22,0,3,26
3861,0,24,0,25
3862,24,0,0,25
3863,25,0,0,25
3864,21,1,2,25
3865,0,12,3,25
3866,12,0,11,25
3867,1,0,8,25
3868,0,0,5,25
3869,2,0,23,25
3870,0,0,18,25
3871,3,0,21,25
3872,4,0,21,25
3873,0,24,0,25
3874,0,0,19,25
3875,0,0,18,25
3876,1,0,7,25
3877,23,0,1,25
3878,24,0,1,25
3879,0,21,1,25
3880,24,0,1,25
3881,22,0,1,25
3882,21,0,4,25
3883,25,0,0,25
3884,0,0,20,25
3885,25,0,0,25
3886,0,16,2,25
3887,23,0,2,25
3888,25,0,0,25
3889,0,0,1,25
3890,22,0,3,25
3891,25,0,0,25
3892,25,0,0,25
3893,0,25,0,25
3894,6,0,19,25
3895,0,0,22,25
3896,22,0,1,25
3897,25,0,0,25
3898,24,0,1,25
3899,3,0,3,25
3900,0,17,1,25
3901,24,0,1,25
3902,7,0,14,25
3903,0,14,0,25
3904,25,0,0,25
3905,6,0,2,25
3906,25,0,0,25
3907,24,0,1,25
3908,0,24,0,25
3909,0,23,0,25
3910,23,0,2,25
3911,17,0,7,25
3912,14,1,9,25
3913,0,0,0,25
3914,25,0,0,25
3915,25,0,0,25
3916,24,0,1,25
3917,24,0,1,25
3918,22,0,0,25
3919,3,2,12,25
3920,0,23,0,25
3921,11,0,14,25
3922,24,1,0,25
3923,0,0,25,25
3924,13,0,12,25
3925,0,0,1,25
3926,0,0,23,25
3927,2,0,22,25
3928,22,0,1,25
3929,25,0,0,25
3930,0,0,25,25
3931,19,0,6,25
3932,0,18,0,25
3933,23,0,1,25
3934,23,0,2,25
3935,21,0,0,25
3936,22,0,0,25
3937,1,0,9,25
3938,25,0,0,25
3939,6,3,13,25
3940,18,0,0,25
3941,24,0,0,25
3942,1,0,22,25
3943,24,0,0,25
3944,2,15,2,25
3945,24,0,0,25
3946,1,0,24,25
3947,2,0,23,25
3948,25,0,0,25
3949,24,0,1,25
3950,23,0,0,24
3951,21,0,2,24
3952,24,0,0,24
3953,10,0,13,24
3954,2,0,18,24
3955,21,0,1,24
3956,12,0,9,24
3957,23,0,1,24
3958,0,10,0,24
3959,24,0,0,24
3960,22,0,0,24
3961,22,0,0,24
3962,21,0,0,24
3963,23,0,0,24
3964,23,0,1,24
3965,23,0,0,24
3966,24,0,0,24
3967,24,0,0,24
3968,7,3,7,24
3969,10,3,1,24
3970,23,0,1,24
3971,21,0,3,24
3972,19,0,5,24
3973,24,0,0,24
3974,23,0,0,24
3975,24,0,0,24
3976,1,0,23,24
3977,22,0,0,24
3978,1,0,23,24
3979,23,0,1,24
3980,0,0,24,24
3981,23,0,0,24
3982,24,0,0,24
3983,23,0,0,24
3984,1,0,20,24
3985,24,0,0,24
3986,16,0,8,24
3987,22,0,1,24
3988,24,0,0,24
3989,23,0,0,24
3990,24,0,0,24
3991,24,0,0,24
3992,24,0,0,24
3993,21,0,1,24
3994,23,0,0,24
3995,24,0,0,24
3996,24,0,0,24
3997,20,0,2,24
3998,22,0,0,24
3999,0,0,24,24
4000,23,0,0,24
4001,24,0,0,24
4002,0,13,8,24
4003,24,0,0,24
4004,0,15,1,24
4005,24,0,0,24
4006,24,0,0,24
4007,22,0,0,24
4008,0,24,0,24
4009,10,0,7,24
4010,0,22,1,24
4011,0,24,0,24
4012,10,2,1,24
4013,13,0,6,24
4014,23,0,1,24
4015,24,0,0,24
4016,24,0,0,24
4017,22,0,1,24
4018,0,0,23,24
4019,0,11,0,24
4020,14,0,9,24
4021,0,0,18,24
4022,23,0,1,24
4023,21,0,3,24
4024,24,0,0,24
4025,0,0,0,24
4026,23,0,1,24
4027,19,0,2,24
4028,14,0,8,24
4029,24,0,0,24
4030,24,0,0,24
4031,22,0,0,24
4032,1,20,0,24
4033,24,0,0,24
4034,23,0,1,24
4035,23,0,1,24
4036,24,0,0,24
4037,24,0,0,24
4038,24,0,0,24
4039,24,0,0,24
4040,19,0,0,24
4041,1,0,22,24
4042,3,0,20,24
4043,22,0,2,24
4044,24,0,0,24
4045,23,0,0,24
4046,23,0,0,24
4047,19,0,5,24
4048,24,0,0,24
4049,23,0,0,24
4050,20,0,1,24
4051,24,0,0,24
4052,19,0,2,24
4053,22,0,0,24
4054,2,15,0,24
4055,0,0,23,24
4056,24,0,0,24
4057,23,0,0,23
4058,23,0,0,23
4059,19,0,3,23
4060,23,0,0,23
4061,23,0,0,23
4062,11,2,9,23
4063,1,0,22,23
4064,0,0,3,23
4065,20,0,2,23
4066,0,19,0,23
4067,21,0,0,23
4068,19,0,0,23
4069,23,0,0,23
4070,2,0,8,23
4071,1,0,21,23
4072,0,0,22,23
4073,22,0,0,23
4074,0,0,21,23
4075,20,0,0,23
4076,2,0,21,23
4077,0,0,21,23
4078,11,0,12,23
4079,22,0,0,23
4080,13,0,8,23
4081,19,0,3,23
4082,3,1,14,23
4083,16,0,7,23
4084,22,0,0,23
4085,6,0,16,23
4086,22,0,0,23
4087,0,0,21,23
4088,22,0,0,23
4089,20,0,0,23
4090,15,0,8,23
4091,0,0,3,23
4092,1,0,21,23
4093,0,0,23,23
4094,17,0,6,23
4095,0,0,21,23
4096,23,0,0,23
4097,23,0,0,23
4098,23,0,0,23
4099,21,0,1,23
4100,12,0,4,23
4101,20,0,2,23
4102,0,0,6,23
4103,23,0,0,23
4104,0,0,23,23
4105,23,0,0,23
4106,22,0,0,23
4107,11,11,0,23
4108,0,8,9,23
4109,20,0,3,23
4110,3,0,20,23
4111,21,0,2,23
4112,21,0,1,23
4113,22,0,0,23
4114,0,18,0,23
4115,22,1,0,23
4116,23,0,0,23
4117,22,0,0,23
4118,22,0,0,23
4119,0,3,14,23
4120,23,0,0,23
4121,7,2,9,23
4122,2,6,9,23
4123,23,0,0,23
4124,23,0,0,23
4125,22,0,0,23
4126,20,0,3,23
4127,22,0,0,23
4128,17,0,4,23
4129,7,7,0,23
4130,22,0,0,23
4131,20,0,1,23
4132,16,1,2,23
4133,1,17,0,23
4134,4,0,14,23
4135,22,0,1,23
4136,17,0,6,23
4137,18,0,0,23
4138,23,0,0,23
4139,6,0,17,23
4140,23,0,0,23
4141,0,0,0,23
4142,6,0,17,23
4143,21,0,2,23
4144,23,0,0,23
4145,22,0,1,23
4146,0,9,2,23
4147,1,0,22,23
4148,9,0,13,23
4149,15,0,6,23
4150,20,0,2,23
4151,2,11,5,23
4152,8,0,14,23
4153,23,0,0,23
4154,12,4,1,23
4155,21,0,0,23
4156,20,0,2,23
4157,18,0,1,23
4158,22,0,0,23
4159,23,0,0,23
4160,22,0,0,23
4161,0,22,0,23
4162,0,0,23,23
4163,0,23,0,23
4164,23,0,0,23
4165,21,0,1,23
4166,22,0,1,23
4167,22,0,0,23
4168,22,0,1,23
4169,2,0,20,22
4170,21,0,0,22
4171,22,0,0,22
4172,20,0,0,22
4173,16,0,5,22
4174,22,0,0,22
4175,0,0,18,22
4176,21,0,0,22
4177,19,1,1,22
4178,22,0,0,22
4179,0,19,3,22
4180,22,0,0,22
4181,22,0,0,22
4182,0,18,0,22
4183,18,0,0,22
4184,21,0,0,22
4185,20,0,2,22
4186,15,0,1,22
4187,0,22,0,22
4188,19,1,0,22
4189,21,0,0,22
4190,18,0,0,22
4191,2,7,4,22
4192,19,0,1,22
4193,0,22,0,22
4194,0,0,22,22
4195,0,19,0,22
4196,18,0,0,22
4197,22,0,0,22
4198,0,20,0,22
4199,16,0,1,22
4200,12,0,7,22
4201,0,20,1,22
4202,22,0,0,22
4203,20,0,1,22
4204,22,0,0,22
4205,20,0,0,22
4206,22,0,0,22
4207,0,0,22,22
4208,18,0,3,22
4209,3,12,0,22
4210,22,0,0,22
4211,22,0,0,22
4212,5,0,11,22
4213,17,4,0,22
4214,21,0,0,22
4215,10,0,11,22
4216,0,18,0,22
4217,0,0,22,22
4218,22,0,0,22
4219,21,0,1,22
4220,22,0,0,22
4221,0,21,0,22
4222,22,0,0,22
4223,3,0,18,22
4224,0,21,0,22
4225,21,1,0,22
4226,0,0,21,22
4227,21,0,0,22
4228,16,0,0,22
4229,22,0,0,22
4230,22,0,0,22
4231,22,0,0,22
4232,0,0,22,22
4233,0,0,22,22
4234,19,0,0,22
4235,16,0,6,22
4236,22,0,0,22
4237,21,0,1,22
4238,20,0,0,22
4239,22,0,0,22
4240,22,0,0,22
4241,22,0,0,22
4242,1,0,21,22
4243,22,0,0,22
4244,22,0,0,22
4245,22,0,0,22
4246,22,0,0,22
4247,20,0,2,22
4248,15,0,4,22
4249,22,0,0,22
4250,16,1,5,22
4251,21,0,0,22
4252,22,0,0,22
4253,0,0,19,22
4254,0,0,22,22
4255,21,0,0,22
4256,0,0,22,22
4257,0,0,15,22
4258,22,0,0,22
4259,22,0,0,22
4260,12,0,10,22
4261,22,0,0,22
4262,0,0,0,22
4263,8,0,13,22
4264,22,0,0,22
4265,2,16,1,22
4266,22,0,0,22
4267,0,21,0,22
4268,0,0,19,22
4269,21,0,1,22
4270,22,0,0,22
4271,22,0,0,22
4272,15,0,3,22
4273,22,0,0,22
4274,22,0,0,22
4275,19,0,0,22
4276,22,0,0,22
4277,22,0,0,22
4278,22,0,0,22
4279,21,0,1,22
4280,20,0,2,22
4281,0,15,1,22
4282,12,0,5,22
4283,1,0,20,22
4284,22,0,0,22
4285,2,0,0,22
4286,0,0,21,22
4287,20,0,0,22
4288,20,0,2,22
4289,21,0,0,22
4290,21,0,0,22
4291,22,0,0,22
4292,1,0,21,22
4293,20,0,0,21
4294,21,0,0,21
4295,20,0,0,21
4296,15,0,3,21
4297,0,6,1,21
4298,16,0,0,21
4299,1,0,20,21
4300,0,16,3,21
4301,0,19,0,21
4302,0,0,20,21
4303,21,0,0,21
4304,19,0,1,21
4305,0,19,0,21
4306,19,0,2,21
4307,21,0,0,21
4308,20,0,1,21
4309,21,0,0,21
4310,21,0,0,21
4311,0,20,0,21
4312,19,0,1,21
4313,21,0,0,21
4314,0,21,0,21
4315,21,0,0,21
4316,0,0,16,21
4317,0,0,19,21
4318,21,0,0,21
4319,0,0,21,21
4320,20,0,0,21
4321,3,5,2,21
4322,10,0,9,21
4323,15,0,4,21
4324,21,0,0,21
4325,21,0,0,21
4326,0,0,20,21
4327,0,0,16,21
4328,6,0,14,21
4329,6,12,0,21
4330,19,0,1,21
4331,0,0,21,21
4332,20,0,0,21
4333,1,0,18,21
4334,20,0,0,21
4335,0,0,21,21
4336,16,0,2,21
4337,12,7,0,21
4338,1,17,1,21
4339,21,0,0,21
4340,18,0,2,21
4341,20,0,0,21
4342,3,0,18,21
4343,21,0,0,21
4344,20,0,0,21
4345,21,0,0,21
4346,19,0,1,21
4347,0,0,21,21
4348,21,0,0,21
4349,21,0,0,21
4350,19,0,2,21
4351,7,0,2,21
4352,18,0,3,21
4353,19,0,2,21
4354,19,0,0,21
4355,17,0,3,21
4356,21,0,0,21
4357,21,0,0,21
4358,0,0,3,21
4359,21,0,0,21
4360,18,0,1,21
4361,18,0,0,21
4362,1,0,20,21
4363,20,0,0,21
4364,21,0,0,21
4365,0,0,15,21
4366,0,0,15,21
4367,0,4,2,21
4368,21,0,0,21
4369,20,0,1,21
4370,0,19,0,21
4371,19,0,0,21
4372,1,19,0,21
4373,20,0,0,21
4374,20,0,1,21
4375,0,21,0,21
4376,8,0,7,21
4377,21,0,0,21
4378,18,0,1,21
4379,20,0,1,21
4380,19,0,2,21
4381,0,13,0,21
4382,21,0,0,21
4383,21,0,0,21
4384,17,0,0,21
4385,17,0,0,21
4386,16,0,0,21
4387,17,0,2,21
4388,20,0,0,21
4389,18,0,3,21
4390,20,0,1,21
4391,0,0,1,21
4392,20,0,1,21
4393,21,0,0,21
4394,21,0,0,21
4395,20,0,1,21
4396,20,1,0,21
4397,21,0,0,21
4398,0,18,0,21
4399,21,0,0,21
4400,21,0,0,21
4401,0,0,21,21
4402,2,0,19,21
4403,15,0,0,21
4404,0,0,20,21
4405,0,0,20,21
4406,21,0,0,21
4407,0,0,20,21
4408,0,21,0,21
4409,21,0,0,21
4410,19,0,0,21
4411,21,0,0,21
4412,21,0,0,21
4413,21,0,0,21
4414,21,0,0,21
4415,21,0,0,21
4416,20,0,0,21
4417,19,0,2,21
4418,21,0,0,21
4419,13,0,4,20
4420,9,0,10,20
4421,18,0,1,20
4422,2,0,7,20
4423,0,3,1,20
4424,0,0,19,20
4425,0,0,19,20
4426,0,17,0,20
4427,16,0,2,20
4428,20,0,0,20
4429,20,0,0,20
4430,7,0,12,20
4431,2,0,17,20
4432,15,1,2,20
4433,1,0,19,20
4434,20,0,0,20
4435,0,20,0,20
4436,0,0,20,20
4437,11,0,7,20
4438,19,0,0,20
4439,19,0,1,20
4440,20,0,0,20
4441,0,18,1,20
4442,20,0,0,20
4443,19,0,0,20
4444,0,18,0,20
4445,20,0,0,20
4446,0,0,20,20
4447,20,0,0,20
4448,16,0,1,20
4449,20,0,0,20
4450,0,0,20,20
4451,9,0,11,20
4452,17,0,1,20
4453,1,0,17,20
4454,0,9,0,20
4455,20,0,0,20
4456,17,0,2,20
4457,20,0,0,20
4458,19,0,0,20
4459,0,0,20,20
4460,17,0,0,20
4461,19,0,0,20
4462,19,0,1,20
4463,20,0,0,20
4464,2,7,3,20
4465,20,0,0,20
4466,17,0,0,20
4467,18,0,0,20
4468,20,0,0,20
4469,0,1,18,20
4470,0,0,19,20
4471,0,0,20,20
4472,0,20,0,20
4473,20,0,0,20
4474,0,12,0,20
4475,17,0,3,20
4476,15,0,3,20
4477,20,0,0,20
4478,16,0,1,20
4479,19,0,0,20
4480,4,0,16,20
4481,14,0,4,20
4482,18,0,1,20
4483,13,0,7,20
4484,0,0,20,20
4485,0,13,4,20
4486,11,0,7,20
4487,20,0,0,20
4488,0,0,20,20
4489,20,0,0,20
4490,15,0,2,20
4491,20,0,0,20
4492,3,13,0,20
4493,18,0,0,20
4494,17,0,2,20
4495,18,0,0,20
4496,19,0,0,20
4497,20,0,0,20
4498,20,0,0,20
4499,20,0,0,20
4500,14,0,2,20
4501,0,0,20,20
4502,20,0,0,20
4503,20,0,0,20
4504,18,0,2,20
4505,0,0,18,20
4506,20,0,0,20
4507,16,0,1,20
4508,19,0,0,20
4509,3,0,9,20
4510,5,0,15,20
4511,20,0,0,20
4512,20,0,0,20
4513,20,0,0,20
4514,20,0,0,20
4515,4,0,16,20
4516,20,0,0,20
4517,20,0,0,20
4518,10,0,10,20
4519,20,0,0,20
4520,2,15,0,20
4521,20,0,0,20
4522,20,0,0,20
4523,20,0,0,20
4524,20,0,0,20
4525,20,0,0,20
4526,20,0,0,20
4527,19,0,1,20
4528,0,0,14,20
4529,7,0,11,20
4530,19,0,1,20
4531,0,15,0,20
4532,0,0,20,20
4533,0,0,19,20
4534,0,0,19,20
4535,2,0,14,20
4536,13,0,4,20
4537,18,0,0,20
4538,10,0,4,20
4539,18,0,0,20
4540,5,0,15,20
4541,2,18,0,20
4542,0,0,6,20
4543,0,19,0,20
4544,18,0,1,20
4545,20,0,0,20
4546,16,0,0,20
4547,5,0,9,20
4548,0,19,1,20
4549,17,0,3,20
4550,19,0,0,20
4551,16,0,4,20
4552,17,0,1,20
4553,1,12,4,20
4554,1,0,19,20
4555,20,0,0,20
4556,2,0,0,20
4557,18,0,0,20
4558,0,8,8,20
4559,18,0,1,20
4560,17,0,1,20
4561,17,0,1,20
4562,16,0,0,20
4563,15,0,5,20
4564,1,0,1,20
4565,20,0,0,20
